Date,Open,High,Low,Close,Volume,SMA_20,SMA_50,RSI_14,Daily_Return,SMA_20_Gap,SMA_50_Gap,Log_Volume
2021-12-09,170.85114615502485,172.64844463234323,169.8841141404718,170.50926208496094,108923700,156.9708984375,148.64240844726564,76.15129957602278,-0.002970167876183205,-0.07939957913086892,-0.12824437435427727,18.506158204259762
2021-12-10,171.1442122366866,175.4616431808398,170.63627480069655,175.2858123779297,115402700,158.5132583618164,149.3878237915039,79.63352178136253,0.028013435953929022,-0.09568688867956043,-0.14774720346782966,18.563938317310296
2021-12-13,176.91705651666257,177.90362873179458,171.45677755961725,171.6619110107422,153237000,159.7708824157715,150.03832794189452,71.1458595145871,-0.02067424235895421,-0.06927004671541015,-0.12596610943877073,18.84749630699702
2021-12-14,171.18327152968024,173.6154957034132,168.21382219359762,170.2846221923828,139380400,160.95915145874022,150.7297576904297,68.17192723147828,-0.008023263927623314,-0.054764021633773474,-0.11483635016590388,18.75271745099734
2021-12-15,171.0465102933484,175.33463817394934,168.31148231582245,175.1392822265625,131063300,162.341316986084,151.47985107421874,72.53055528013483,0.028509092434048533,-0.07307307120239814,-0.13508923213318647,18.69119097819572
2021-12-16,175.11973661793166,176.9365751900634,166.78767978084602,168.26263427734375,150185800,163.25803833007814,152.07504913330078,59.99706269946283,-0.03926388107679368,-0.029742764748450612,-0.09620427739982551,18.827383758870965
2021-12-17,165.98671202152144,169.44457351876034,165.75229083845704,167.16864013671875,195432700,163.9061424255371,152.623203125,58.27188798803526,-0.00650170577278486,-0.019516206559516358,-0.08701056011356423,19.090726637716156
2021-12-20,164.37502357405398,166.6216545378973,163.5740596088574,165.8109130859375,107499100,164.3554702758789,153.1518115234375,56.11530306148661,-0.008121900433423646,-0.008777726284543541,-0.07634661269815801,18.492993042706324
2021-12-21,167.57889907243998,169.18084181030284,165.1955175809284,168.97572326660156,91185900,164.9400833129883,153.74547119140624,59.84573433764152,0.019086862992086617,-0.023882957123053883,-0.09013278227645627,18.328410848795382
2021-12-22,169.02452194022183,171.7790897184107,168.15517538914062,171.56419372558594,92135300,165.63507308959962,154.416259765625,62.64278696885056,0.015318593753852028,-0.03455919622406678,-0.09995054088843724,18.338768717691007
2021-12-23,171.76936224404878,172.7461569911751,171.2028195021509,172.1893768310547,68356600,166.33543395996094,155.11125640869142,63.30759135470636,0.003644018555927442,-0.0339971197923401,-0.09918219542149598,18.040248692915796
2021-12-27,172.9805356564393,176.2332631531054,172.9610104976855,176.14535522460938,74919600,167.48414306640626,155.8297769165039,67.27600623192271,0.022974578724656913,-0.04917082342113921,-0.11533416979516908,18.131926109845253
2021-12-28,175.9793227997058,177.12217071968058,174.38714279522745,175.12950134277344,79144300,168.4145378112793,156.50691162109376,65.32227785256002,-0.00576713408389673,-0.038342846179589274,-0.10633610887311606,18.18678333917214
2021-12-29,175.16861028282216,176.43844648209003,174.00622210590865,175.2174530029297,62348900,169.10220260620116,157.15244750976564,65.4159213603013,0.0005022092764606079,-0.034900920495781196,-0.10310049132412624,17.948256603631847
2021-12-30,175.30533745901636,176.3798175385403,173.95735606919604,174.06480407714844,59773000,169.75811996459962,157.73181884765626,63.01430329649036,-0.006578391056523247,-0.024741843334623925,-0.09383278438214959,17.90606462867502
2021-12-31,173.9573701608435,175.07091555859822,173.14662874511,173.44944763183594,64062300,170.43259963989257,158.28912994384766,61.71172877548479,-0.003535214649365681,-0.017393240700004586,-0.0874048196461692,17.975366620950712
2022-01-03,173.7033678359508,178.63618304508262,173.58615726537937,177.78636169433594,104487900,171.41769485473634,158.92888732910157,66.90421003539397,0.02500390818024134,-0.03582202132326162,-0.10606817185254958,18.464581842761824
2022-01-04,178.39199939810527,178.69480333397306,174.96344087400894,175.5299835205078,99310400,172.12001037597656,159.53892791748046,62.17953030882418,-0.0126915144239661,-0.019426727423653256,-0.0911015615811247,18.41376086673263
2022-01-05,175.44210103848545,175.9891036993743,170.58743006603996,170.86093139648438,94537600,172.30267105102538,160.05656341552734,53.72487584257183,-0.02659974114039576,0.008438088466200755,-0.06323486529454414,18.36450820750497
2022-01-06,168.69245085589924,171.23212317548703,167.65705080251047,168.00869750976562,96904000,172.15224533081056,160.50388885498046,49.31367444751335,-0.016693306441717293,0.02466269831538992,-0.0446691675253833,18.389231365998267
2022-01-07,168.8780217142409,170.09901499255682,167.06118311991872,168.1747283935547,86709100,172.03551864624023,160.96370361328124,49.57323042840832,0.000988227908733208,0.022957017915621103,-0.042878171109029806,18.27806940740662
2022-01-10,165.15642793014217,168.4970635759533,164.26754129298973,168.1942596435547,106765600,171.6809410095215,161.35134063720704,49.60592273568582,0.00011613665255505445,0.020730085398609654,-0.04068461682847846,18.4861463445939
2022-01-11,168.32126400156088,171.1148824378415,166.85607200254188,171.0172119140625,76138300,171.6487060546875,161.84947265625,54.22515197518068,0.01678387999977149,0.00369257651646393,-0.053607114484005125,18.14806199451153
2022-01-12,172.0330771442787,173.06847713761263,170.76325596284155,171.45677185058594,74805200,171.70731353759766,162.37278198242188,54.91808557185398,0.0025702672356997525,0.001461252794553003,-0.052981225355625994,18.130397972613025
2022-01-13,171.70094857794888,172.52145244084235,167.80353287215138,168.1942596435547,84505800,171.36006240844728,162.81016357421876,48.99028724376256,-0.01902819102341624,0.01882229971225957,-0.032011176128996066,18.25233074085861
2022-01-14,167.36401309283474,169.7473947274692,167.11981439919933,169.0538787841797,80440800,171.39962463378907,163.23606170654296,50.50617709590652,0.005110870861150252,0.013875729243716828,-0.03441398162217835,18.20303208055162
2022-01-18,167.5300055455102,168.53610260535586,165.47874620710155,165.8596954345703,90956700,171.33417739868165,163.6084149169922,45.138345836317136,-0.018894469458977547,0.03300670455090127,-0.013573403180800026,18.325894138059297
2022-01-19,166.05509393247632,167.1100339648471,162.08930995625337,162.37257385253906,94815000,171.16226043701172,163.90047607421874,40.12465448027245,-0.02102452662109755,0.054132827828763386,0.009409854050027366,18.3674381931035
2022-01-20,163.1051891966637,165.74253213798244,160.37016081486053,160.6925048828125,91420500,170.74809951782225,164.17534637451172,37.938233600538,-0.010346999680206692,0.06257662510359752,0.02167395109211312,18.330980311054127
2022-01-21,160.60458738914824,162.4702688967568,158.5337873352943,158.6412353515625,122848900,170.1019515991211,164.40196350097656,35.401774881684474,-0.012765184865006107,0.07224298412805896,0.03631293047263395,18.6264657110225
2022-01-24,156.30672027070835,158.53381139617989,151.11016437480347,157.8695831298828,162294600,169.3859619140625,164.6696063232422,34.46819224932638,-0.004864133968508488,0.07294868685822098,0.043073675489247565,18.904923766373898
2022-01-25,155.29082683573563,158.98310983768695,153.3763174519784,156.072265625,115798400,168.38230743408204,164.90227935791015,32.32965566874043,-0.011384824544726335,0.07887398673803947,0.05657644359521452,18.56736131471768
2022-01-26,159.70588295154988,160.57522936347738,154.15769796412494,155.9842987060547,108275300,167.4250473022461,165.09177673339843,32.224275086587525,-0.0005636294097035588,0.0733455142030095,0.058387146032603976,18.50018762501954
2022-01-27,158.68029600296296,160.0380400395087,154.6070638933257,155.52525329589844,121954600,166.44043731689453,165.27189697265624,31.64460597581133,-0.0029428949834322538,0.07018271174411228,0.06266920304070545,18.619159410491783
2022-01-28,161.86463986114418,166.39696621279427,159.02216399560837,166.37742614746094,179935700,166.05606842041016,165.64952606201172,53.11624259690652,0.0697775610171516,-0.001931498367849227,-0.004374993064287902,19.008110128370745
2022-01-31,166.2113655240236,170.9390476064095,165.57644011866424,170.72415161132812,115541600,165.91980361938477,166.06544494628906,58.71072380652188,0.026125692436272274,-0.028140997899822495,-0.02728791808932285,18.565141204894406
2022-02-01,169.9720379540269,170.78277933201363,168.31148996868112,170.55812072753906,86213900,165.55839157104492,166.39247619628907,58.42394987112843,-0.0009725096433166325,-0.029313932020164746,-0.024423607116922152,18.27234198713336
2022-02-02,170.69491016457172,171.79869318006362,169.30786318384511,171.75961303710938,84914300,165.369873046875,166.69118133544922,59.948554505193,0.0070444743671258525,-0.037201644072485496,-0.029508867725296373,18.257153082325953
2022-02-03,170.43110878285196,172.15027672857178,168.12587305039293,168.8877716064453,89418100,165.27121505737304,166.92326751708984,54.77792163177343,-0.016720120521251935,-0.02141396333595924,-0.011632009059443948,18.30883369168484
2022-02-04,167.90974218054592,170.27660988825676,166.93170310002452,168.60415649414062,82465400,165.3009880065918,167.14206268310548,54.28000292301395,-0.00167931111653008,-0.01959126368075992,-0.008671754252309705,18.227889381521578
2022-02-07,169.0638417050099,170.12990075671365,167.19578341710826,167.89019775390625,77251200,165.28676147460936,167.33622344970703,52.974587006491326,-0.004234526331260313,-0.015506779514984026,-0.0032996226796470074,18.162573020546844
2022-02-08,167.95865801143464,171.49916986063508,167.66524328351184,170.99058532714844,74829200,165.42657775878905,167.69261169433594,57.72882499134561,0.018466757527957345,-0.03253984748759131,-0.019287457414702947,18.13071875446379
2022-02-09,172.1838075995271,172.77062217708496,171.05905354274313,172.40875244140625,71285000,165.49615478515625,168.0103546142578,59.73413463561136,0.008293831567068422,-0.040094238594988174,-0.025511453246222282,18.082196498598396
2022-02-10,170.31573108381698,171.62629991772872,167.78261335475796,168.340087890625,90865900,165.3403205871582,168.14787322998046,52.098095768442555,-0.02359894432948817,-0.01781968478842555,-0.0011418234542530659,18.324895362257504
2022-02-11,168.54545914237346,169.27898837706067,164.34966356269592,164.93649291992188,98670700,165.17743225097655,168.2276739501953,46.717883786123295,-0.020218564771776304,0.001460800619615732,0.019954231910771503,18.407298611297826
2022-02-14,163.69441590726865,165.8558891027738,162.9022065441299,165.1712646484375,86185500,164.98330154418946,168.33190216064452,47.1235162563758,0.001423406817735673,-0.0011379891329652558,0.01913551681604142,18.272012519630255
2022-02-15,167.21532291468824,169.1518358853044,166.51113366652052,168.99534606933594,62527400,165.14008407592775,168.55011993408203,53.35285985475008,0.02315221978252624,-0.02281282936529172,-0.0026345467233827025,17.951115434630417
2022-02-16,168.0760262456703,169.53329496166765,166.31555287107355,168.76065063476562,61177400,165.45948791503906,168.69565948486328,52.94063793275994,-0.0013887686260545262,-0.019561211143176882,-0.0003851084340922295,17.929288414581674
2022-02-17,167.27404295611913,168.1347222265384,164.7702649952927,165.1712646484375,69589300,165.6834259033203,168.65493041992187,46.964223192628154,-0.021269093078435275,0.00310078908684841,0.021091233871092907,18.058121392223956
2022-02-18,166.0906242687398,166.79479876362558,162.54033719370844,163.62596130371094,82772700,165.93266220092772,168.50710540771485,44.62839400107655,-0.009355763837103903,0.014097401652145125,0.029831110326947963,18.231608866925498
2022-02-22,161.35688974047144,163.0293432010753,158.58903724171788,160.71139526367188,91162800,166.0747528076172,168.31114807128907,40.53358376012811,-0.017812369240289727,0.0333726027027883,0.0472882012824829,18.32815748806542
2022-02-23,161.90459367562613,162.50119815168253,156.241753586249,156.5547332763672,90009200,166.09887619018554,167.9365264892578,35.5270498658231,-0.02586413975490065,0.06096361773342229,0.07270168697357904,18.315422456402402
2022-02-24,149.22922517438823,159.27369208830245,148.66196063900136,159.16610717773438,141147500,166.25796661376953,167.68661041259764,40.49930313878719,0.01668026157188951,0.04455634155904775,0.05353214566810238,18.76531600793744
2022-02-25,160.24193771015948,161.4938266826065,157.3371601146723,161.22976684570312,91974200,166.54319229125977,167.50551330566407,44.164044677754276,0.012965446630320177,0.03295561080009257,0.038924241985456964,18.337018671774132
2022-02-28,159.47907699118204,161.7872502076219,158.8629074909049,161.49383544921875,95056600,166.29901275634765,167.2326043701172,44.633969152589344,0.0016378402616457066,0.029754555607417466,0.03553552929704851,18.36998307214646
2022-03-01,161.08302534266187,162.94130845487337,158.4129829679633,159.615966796875,83474400,165.743603515625,167.0596710205078,41.93134277801997,-0.011628113525944728,0.03838987315440656,0.04663508528006832,18.240050567967106
2022-03-02,160.77986315221446,163.68464076398826,159.37148431939156,162.90220642089844,79724800,165.36080780029297,166.9743423461914,47.87907386683665,0.020588414116524234,0.015092498950211475,0.024997426460704908,18.194091274777005
2022-03-03,164.7702966304226,165.20063634825544,161.91442341280975,162.57948303222656,76678400,164.90180130004882,166.9097137451172,47.36598567828407,-0.001981086663970899,0.014284202560552739,0.02663454595948167,18.155130623029144
2022-03-04,160.8776889542246,161.91440821879274,158.54017563689038,159.586669921875,83737200,164.4367462158203,166.72193267822266,42.78678410131843,-0.018408307460039852,0.030391487561709507,0.044710894461553075,18.243193893110092
2022-03-07,159.7724565579089,161.39600492959968,155.54732078440395,155.80162048339844,96418800,163.7966194152832,166.4066812133789,37.8084028120467,-0.023717829567654447,0.05131524888559591,0.06806771776234832,18.38421177168501
2022-03-08,155.33218168421902,159.30301816152476,152.37849933499598,153.98248291015625,131148300,163.1012336730957,166.04254333496092,35.66082659093976,-0.011675986216305279,0.059219403341222554,0.07832098948450739,18.691839309561143
2022-03-09,157.9337867292243,159.82141039524444,155.90925307773497,159.3715057373047,91454900,162.52027969360353,165.70706634521486,45.53127008254799,0.03499763560958269,0.019757446236901455,0.039753408732632556,18.331356523491987
2022-03-10,156.68188663700346,156.86771648439594,152.5545597614365,155.03878784179688,105342000,161.65178146362305,165.3052520751953,40.192499295952445,-0.027186276966282286,0.04265380111571915,0.06621868228145877,18.47272276747229
2022-03-11,155.4397780469511,155.7820977698025,151.1070711319146,151.33201599121094,96970100,160.80137786865234,164.82754333496095,36.2737775861596,-0.02390867409495201,0.06257342053773574,0.08917826974917054,18.38991325183943
2022-03-14,148.12404550887342,150.7354085874783,146.80370143921206,147.31227111816406,108732100,159.92016677856446,164.29249267578126,32.56571278324718,-0.02656242201438941,0.0855861875232864,0.11526685067530318,18.504397625881147
2022-03-15,147.58609577139651,152.1535515492418,147.0775261791108,151.68408203125,92964300,159.24580764770508,163.85718536376953,39.776283579061925,0.02967716728485681,0.0498518072245524,0.08025300459682794,18.347726117209284
2022-03-16,153.60105321090987,156.48626575095446,151.06793536575267,156.08526611328125,102300200,158.60030364990234,163.42316345214843,46.032529140139374,0.029015464398726598,0.01611322836068174,0.047012107686971394,18.44342219572931
2022-03-17,155.12679794973494,157.46431103838808,154.16832371335292,157.0926513671875,75615400,158.01690368652345,163.05441680908203,47.37996501462196,0.006454070130970102,0.005883485390895782,0.03795063225433459,18.1411705373335
2022-03-18,156.98501851922993,160.86783414742996,156.25148934398342,160.37881469726562,123511700,157.77728118896485,162.84477447509767,51.62314910264795,0.02091863178499076,-0.01622117929485567,0.01537584488628907,18.631846454483558
2022-03-21,159.91914959524135,162.69679166385907,159.43013010111935,161.7480926513672,95811400,157.68338775634766,162.7195623779297,53.31253246443549,0.008537773250701708,-0.02512984745842184,0.006006066041572611,18.377892244210887
2022-03-22,161.87525716684658,165.6993938917205,161.28844262082922,165.11257934570312,81532000,157.90344696044923,162.65831939697264,57.261818086093676,0.020800781259212586,-0.043661920937954846,-0.014864160916485347,18.21650615145088
2022-03-23,164.3008129085659,168.8486892835288,163.9682682338466,166.47206115722656,98062700,158.3993133544922,162.6238754272461,58.77912926699101,0.008233665883669694,-0.04849310897346293,-0.0231161055088156,18.401117638168618
2022-03-24,167.30336151454603,170.31572365157868,166.47203725633872,170.2472686767578,90131400,158.95337142944337,162.6084765625,62.7355744816763,0.022677724377820452,-0.0663381993443769,-0.04486880860779807,18.316779174625697
2022-03-25,170.06149188569648,171.4307410459289,168.95630261256107,170.88304138183594,80546200,159.43603515625,162.597001953125,63.373152402685875,0.0037344076649197255,-0.06698737413040157,-0.04848953624482788,18.2043415032224
2022-03-28,168.38903069595148,171.87084834447882,168.2227657996674,171.74371337890625,90371900,159.9485290527344,162.66799102783204,64.26452419225794,0.005036614459284827,-0.06867898739413514,-0.052844568063176056,18.31944394739884
2022-03-29,172.80972386459516,175.0787667230212,172.467404224187,175.02987670898438,100589400,160.71922454833984,162.78751098632813,67.5152138637112,0.01913411131869558,-0.08176119660095704,-0.06994443436083297,18.4265574522265
2022-03-30,174.62886654102215,175.6655854938626,172.8194884204446,173.86599731445312,92633200,161.26741409301758,162.94763702392578,65.25125601921815,-0.006649604149961186,-0.0724614554659001,-0.06279755938005782,18.344158177472174
2022-03-31,173.93448350287292,174.1203133341303,170.5700263491638,170.77542114257812,103049300,161.67721099853514,163.11569396972655,59.541679175811325,-0.01777562156840473,-0.05327587590281513,-0.044852632314439256,18.450718082162744
2022-04-01,170.20819057523445,171.0395300102291,168.16409187112328,170.48204040527344,78751300,162.22197952270508,163.3114846801758,59.01378683926182,-0.0017179330335818088,-0.04845120848467299,-0.042060475743085024,18.18180535616847
2022-04-04,170.73630961524591,174.57022147286082,170.60915974417932,174.5213165283203,76468400,163.15796432495117,163.62908630371095,63.775694570561875,0.02369326477700895,-0.06511154298750188,-0.062412033333715033,18.15238815464094
2022-04-05,173.6019328264619,174.38436705774205,170.589570736433,171.21551513671875,73401800,164.0196159362793,163.89600494384766,57.85166839233844,-0.018942106657011792,-0.04202831264849671,-0.042750274045119885,18.111459030068463
2022-04-06,168.57484765163213,169.8169616919483,166.393824277865,168.05648803710938,89058800,164.45386505126953,164.13568939208983,52.80401002656039,-0.018450588996486883,-0.02143697650663945,-0.023330242651231514,18.30480739493316
2022-04-07,167.4012210369831,169.5529046519263,166.11999185859997,168.3596954345703,77594700,165.1199104309082,164.38319732666017,53.225853237335635,0.0018041992963340192,-0.0192432339301849,-0.02361906213744336,18.167009696739374
2022-04-08,168.0075484323814,168.0075484323814,165.48420586824818,166.3546600341797,76575500,165.87104263305665,164.59978546142577,50.040659012222406,-0.011909236324140537,-0.002907146701052299,-0.010548995576038278,18.153787753267
2022-04-11,165.00500326610816,165.31796805598518,161.8654908055094,162.11000061035156,72246700,166.610929107666,164.5144369506836,44.03310009943838,-0.0255157229918056,0.027764656593475046,0.014832128377516574,18.09559722301467
2022-04-12,164.33012199148104,166.13948524268093,162.98042335456353,163.97802734375,79265200,167.22562637329102,164.37951446533202,47.04609194079383,0.011523204776788809,0.019805086584759435,0.0024484202431609425,18.18830976305389
2022-04-13,163.71395993382896,167.28379658301122,163.10758048377514,166.65785217285156,70618900,167.75425567626954,164.30150909423827,51.11216789057723,0.016342584872568233,0.006578768951617242,-0.01413880623020014,18.07280838617973
2022-04-14,166.8730302686766,167.5087646523774,161.41557017548345,161.6600799560547,75329400,167.98262710571288,164.09951843261717,44.28298024702516,-0.029988219286621765,0.039110132516184004,0.015089924966173562,18.137381068090985
2022-04-18,160.32019219645267,162.94134514885508,159.97788741289764,161.4449462890625,69023900,168.03593368530272,163.95066192626953,44.01038609939593,-0.0013307779326267033,0.040824984291792266,0.015520557904120658,18.049963393886262
2022-04-19,161.3960167105301,164.13452917950872,160.31039271090148,163.72373962402344,67723800,168.13471603393555,163.8530535888672,47.68401542691672,0.014114987104525634,0.02694158110510747,0.0007898302661588641,18.03094824182892
2022-04-20,165.05387853639598,165.17125338034182,162.45230578739907,163.55747985839844,67929800,168.0569610595703,163.76639923095703,47.439450364132746,-0.0010154896657430523,0.02751009128452786,0.0012773452656489326,18.033985391676957
2022-04-21,165.2006123983915,167.76307044383682,162.26649466439048,162.76528930664062,87227800,167.87162246704102,163.60189331054687,46.22296585655407,-0.0048434993767552115,0.031372371727121484,0.005139941123012637,18.28403365687463
2022-04-22,162.80440987833427,164.18343379206294,157.95332893712188,158.23695373535156,84882400,167.2711067199707,163.31845733642578,39.92117636517133,-0.027821260851003227,0.0570925613224873,0.032113254717813566,18.256777338863333
2022-04-25,157.5816658069576,159.58664908398902,154.98009296481885,159.3030242919922,96046400,166.6921058654785,163.13771606445312,41.92842744322446,0.006737178209482053,0.04638381227428945,0.024071682188733456,18.380341976409145
2022-04-26,158.6868312906376,158.7748512209157,153.2782766938566,153.3565216064453,95623200,165.77274627685546,162.9061166381836,34.92007678683508,-0.037328247294585726,0.08096313440307124,0.062270550555685755,18.37592603686211
2022-04-27,152.48608239761126,156.28086402556207,151.96772285920957,153.131591796875,88063200,164.67783203125,162.66532318115233,34.683917259909464,-0.0014667117329874024,0.07540077196931905,0.06225842278792193,18.29356530784699
2022-04-28,155.7527492675287,160.90702025080918,155.4397695467575,160.0463409423828,130216800,163.9868492126465,162.4863430786133,46.632608818744814,0.045155601560519454,0.02462104567377943,0.015245597755395579,18.684711319352363
2022-04-29,158.28582131341926,162.5500717654253,153.79662607980254,154.18783569335938,131747600,163.15746994018554,162.19488677978515,39.962302210991155,-0.03660505585149565,0.05817342338642395,0.05193049795672455,18.696398536491312
2022-05-02,153.268494371806,154.7551028690703,149.90403790928826,154.4910430908203,123055300,162.3579200744629,161.98128234863282,40.437166040558246,0.0019664806636494614,0.0509212497129552,0.04848332374459563,18.628144413922183
2022-05-03,154.67689768841237,157.18069064394373,152.88709903691972,155.97769165039062,88966500,161.4307388305664,161.8283169555664,42.82500165788479,0.009622878646086575,0.03496043006200056,0.03750937229081064,18.303770463584264
2022-05-04,156.1635144371754,162.82395888042848,155.76251479077115,162.3740692138672,108256500,160.98866653442383,161.86157043457033,51.78176053045053,0.041008284555290375,-0.008532167027350934,-0.0031562846320112303,18.50001397847087
2022-05-05,160.25172879543595,160.47667363266967,151.5471709663278,153.32720947265625,130525300,160.25220260620117,161.7970199584961,41.80626384931547,-0.0557161607454395,0.04516480249893218,0.05524010066426155,18.687077643329864
2022-05-06,152.8080631040653,156.16767394547392,151.0156200226824,154.052001953125,116124600,159.5368179321289,161.6947378540039,42.75769062228504,0.004727096273137388,0.03560366570680995,0.04961140266910924,18.570174319139735
2022-05-09,151.7502553954864,152.6317930294346,148.3808694909006,148.9391632080078,131577900,158.66604309082032,161.44892578125,38.03377955873035,-0.03318904448040161,0.06530773822884983,0.08399243223739017,18.695109637222505
2022-05-10,152.32811702969943,153.52307898712107,149.7912627423493,151.33883666992188,115366700,158.12748489379882,161.24582580566405,41.311094791945344,0.016111769464977277,0.04485727770382786,0.0654623053390444,18.563626317539267
2022-05-11,150.34960463592216,152.2595803376125,142.81742986905113,143.49327087402344,142689800,157.1032470703125,160.92337188720703,34.82590835912673,-0.0518410605534787,0.09484748736571502,0.12146981462626183,18.776183608274067
2022-05-12,139.83980605277625,143.19940187956024,135.95128476595931,139.6341094970703,182602000,155.75205993652344,160.45800994873048,32.15216717024563,-0.026894371794905836,0.11542989386695157,0.14913190284711253,19.02281948444407
2022-05-13,141.6224448185645,145.06041547307086,140.17282438448345,144.09072875976562,113990900,154.87359237670898,160.08823486328126,38.065680256045034,0.03191640838149801,0.0748338474637118,0.11102384061216997,18.551629187383845
2022-05-16,142.56278284412517,144.49235241019304,141.2208901087805,142.552978515625,86643800,153.92899398803712,159.74756103515625,36.87151210173981,-0.010672097069509778,0.07980201880639926,0.12061889340071974,18.27731603088583
2022-05-17,145.80481151470883,146.69613834453236,143.66954586445135,146.17701721191406,78336300,153.05165786743163,159.55506896972656,41.52713671826254,0.025422398984752403,0.04702955900072414,0.09151952894495197,18.176521667829086
2022-05-18,143.83608013972986,144.33560760113403,137.0287088681347,137.92984008789062,109742900,151.77027587890626,159.23401611328126,35.17048886461254,-0.05641910938754091,0.10034402840020928,0.15445661367993568,18.513650924456197
2022-05-19,137.0091561140078,138.7526228149115,133.79647489353653,134.5310821533203,136095600,150.35856552124022,158.73720764160157,32.933163185606745,-0.02464120840279793,0.11764926821804567,0.1799296125537324,18.728868145277143
2022-05-20,136.23529658390538,137.81225334878067,129.88829706526903,134.76608276367188,137426100,149.18502197265624,158.33175354003907,33.24934709104275,0.001746812755759608,0.1069923449082486,0.17486351382411525,18.73859688332162
2022-05-23,134.9620011760451,140.31973647724712,134.82487512400195,140.17282104492188,117726300,148.22851181030273,158.1085696411133,40.231010252381274,0.04011942894215714,0.05746970564856668,0.12795453827988146,18.583873005211423
2022-05-24,137.92003986063096,139.05623582746938,134.51146690573626,137.47927856445312,104132700,147.4346496582031,157.91190979003906,38.09341047567725,-0.01921586838582312,0.0724136116926355,0.14862335210761746,18.461176614900108
2022-05-25,135.58886991195646,138.87991021944293,135.50072064953915,137.635986328125,92482700,146.6598693847656,157.63094787597657,38.29881515259415,0.001139864605838925,0.06556339876932782,0.14527422719363137,18.342532168776724
2022-05-26,134.57023400738558,141.37759058232152,134.3253649583187,140.82908630371094,90601500,145.69900665283203,157.32582427978517,42.48628377658793,0.023199601069255005,0.03458035890837685,0.11714013354100361,18.32198133820489
2022-05-27,142.4060581377044,146.6080048732437,142.27872143657157,146.56883239746094,90978500,145.31805648803712,157.11534790039062,49.16490141725895,0.040756822645086954,-0.008533709991166538,0.07195605866825727,18.326133783821795
2022-05-31,146.01052282850958,147.56788638378129,143.82628016379354,145.7852325439453,103718400,144.88276596069335,156.82347625732422,48.339615022298936,-0.005346292528214169,-0.006190384084203582,0.07571578767452691,18.457190102009925
2022-06-01,146.823446577346,148.6256937779253,144.64900865939228,145.6578826904297,74286600,144.3667755126953,156.50167205810547,48.19801365710973,-0.000873544262977588,-0.00886397051698462,0.07444697923230392,18.123441156951657
2022-06-02,144.79596367082308,148.16536407915592,143.8458705924634,148.10659790039062,72348100,143.65340194702148,156.16155242919922,51.16052326690429,0.01681141565929023,-0.030067505543298956,0.054386196449033086,18.096999763288867
2022-06-03,143.88503314588232,144.93307974702813,141.49512401563555,142.396240234375,88570300,143.10685348510742,155.68003601074219,44.73549144573597,-0.038555727745877566,0.004990393352821698,0.0932875457561444,18.2993071562219
2022-06-06,144.01237341190438,145.52077501341512,141.92608448379778,143.14064025878906,71598400,142.56128540039063,155.13790344238282,45.692959282924946,0.005227666286615529,-0.004047451914082512,0.08381451390676675,18.08658329927927
2022-06-07,141.38736672807937,145.94192415465892,141.1424977278199,145.6578826904297,67808200,142.39722137451173,154.63340026855468,48.916002335337026,0.01758579832456819,-0.022385752529768155,0.06162054131461514,18.032193704297775
2022-06-08,145.5305644824367,146.79408210793065,144.4335560047601,144.9232940673828,53950200,142.07644424438476,154.09699188232423,48.02035067875632,-0.005043246609647056,-0.01964383877221554,0.06330036778405046,17.803571975333394
2022-06-09,144.06133943857793,144.91347882072873,139.60472041542363,139.71246337890625,69473000,141.8874038696289,153.39064361572267,42.12778717179947,-0.035955784209912856,0.015567261775523367,0.09790236250949635,18.056448760238986
2022-06-10,137.40091085996173,137.87105521943323,134.24699651333503,134.31556701660156,91437900,141.62147674560546,152.59963500976562,37.05601786494115,-0.03862859641711469,0.054393618634695384,0.13612769092434474,18.33117062224423
2022-06-13,130.1429657001856,132.4251464748058,128.74232225475177,129.1732940673828,122207100,140.87560501098633,151.7675924682617,32.981660735450646,-0.038285010914506756,0.09059388806403779,0.17491462584435347,18.621227712669768
2022-06-14,130.39766413988795,131.1420606306549,128.7815195311164,130.03524780273438,84784300,140.2497184753418,150.95865661621093,34.28594462584837,0.006672847832632778,0.07855155309968698,0.16090567109325393,18.25562095390653
2022-06-15,131.5338494146611,134.52125474775525,129.4475753177957,132.65045166015625,91533000,139.5733901977539,150.12123931884764,38.214826866309224,0.02011149977880744,0.052189332572601055,0.13170545173453818,18.332210131887827
2022-06-16,129.36921686332985,129.67285209068328,126.39160087860697,127.3906707763672,108123900,139.04643173217772,149.24474243164062,33.833510696687384,-0.03965143592020581,0.09149618951510252,0.17155158632956713,18.498788359002813
2022-06-17,127.4004988291183,130.34871732723784,127.14582540730096,128.8599090576172,134520300,138.76287307739258,148.46081085205077,36.03945292396212,0.011533327144726435,0.07685062089674055,0.15211016318247927,18.71722568241933
2022-06-21,130.68170729877417,134.24699991857628,130.58376865027734,133.0814208984375,81000500,138.67863998413085,147.75524536132812,42.02067161797665,0.032760475090299446,0.04205860628708602,0.11026200625021199,18.20996589780277
2022-06-22,132.02354820979977,134.93259278933536,131.16161959240785,132.5720672607422,73409200,138.29860229492186,147.07959350585938,41.51620636478897,-0.0038273835239859277,0.04319563805938653,0.10943124403863935,18.111559839951994
2022-06-23,134.0119221215175,135.74558399228505,132.84634321517927,135.43215942382812,72433800,138.1962463378906,146.5460366821289,45.47454432733404,0.02157386712135012,0.020409383752144183,0.08206232039408357,18.09818361304944
2022-06-24,137.0287064173905,138.99746302987265,136.90138468183136,138.75259399414062,89116800,138.2520767211914,146.04152801513672,49.72855239264566,0.024517327231867947,-0.0036072642574910274,0.05253187570175366,18.30545843807709
2022-06-27,139.7712426067131,140.5450371291734,138.0767530642211,138.75259399414062,70207900,138.14825210571288,145.4834228515625,49.72855239264566,0.0,-0.004355535785177889,0.04850957134326506,18.066971412520328
2022-06-28,139.212947099847,140.47646473111445,134.50166930718802,134.61920166015625,67083400,137.55077056884767,144.94260528564453,44.69432886400081,-0.02978965808854661,0.021776751552071483,0.07668596677277528,18.02144719428998
2022-06-29,134.63878986432783,137.78289974267364,133.8649953839291,136.37245178222656,66242400,137.08013153076172,144.44115539550782,47.13880384044907,0.013023774472354699,0.005189316018643142,0.05916666825178285,18.00883131436505
2022-06-30,134.43309207438057,135.5301005021527,131.02451949836083,133.91397094726562,98964500,136.49293594360353,143.84496002197267,44.18935272949295,-0.01802769403080684,0.019258371461133628,0.07415946972864984,18.410271768037628
2022-07-01,133.2479278277153,136.1863562547321,132.87573705664798,136.07861328125,71051600,135.89153671264648,143.29538269042968,47.315092847664275,0.016164424956353507,-0.0013747683349539797,0.053033825339356744,18.078916945680675
2022-07-05,134.94245447298383,138.70363989022064,134.11968301964518,138.6546630859375,73353800,135.7044578552246,142.81317016601562,50.84343069952922,0.018930600059564595,-0.02127736035018435,0.02999182997185379,18.110804881251553
2022-07-06,138.44897021265854,141.16210859174285,138.1845074474581,139.9867401123047,74064300,135.5467628479004,142.4481658935547,52.61078344983951,0.009607156345990076,-0.03171712735679333,0.017583278096734878,18.12044420629764
2022-07-07,140.3491044689141,143.5422056804672,140.33931508968487,143.3463134765625,66253700,135.43118438720703,142.1290316772461,56.82673881639896,0.023999225652105327,-0.055216830467353595,-0.008491894697490232,18.009001885421206
2022-07-08,142.27867446652914,144.52168281438622,142.02401609395528,144.0221405029297,64547800,135.38612670898436,141.9423440551758,57.643089683151395,0.004714645322760225,-0.0599630984776931,-0.014440810562120432,17.98291660806162
2022-07-11,142.6802818681296,143.63037488194183,140.82907263468897,141.89669799804688,63141600,135.4953384399414,141.71764617919922,54.17373072026944,-0.014757748339669918,-0.04511281550888224,-0.0012618462682628673,17.96089039712362
2022-07-12,142.76840995155382,145.4032026642234,142.0729903924104,142.86636352539062,77588800,135.92287826538086,141.37404663085937,55.48991791002472,0.006833601775265485,-0.048601259867412705,-0.0104455440574438,18.166933657728435
2022-07-13,140.05527730810053,143.4442558667998,139.20312303306522,142.50396728515625,71185600,136.58941192626952,141.14036926269532,54.855796967683126,-0.002536609956968361,-0.041504496131335555,-0.009568842527256205,18.08080112278426
2022-07-14,141.12292146669557,145.8929653987599,140.30995449187216,145.42282104492188,78140700,137.3587905883789,140.95900482177734,58.92704276766528,0.020482614030842283,-0.05545230383099198,-0.030695431370882598,18.17402161862851
2022-07-15,146.70592606919652,147.7637620290884,145.15835206929646,147.08792114257812,76259900,138.0806640625,140.7812094116211,61.08317516786137,0.011450060490450165,-0.06123723151506799,-0.04287715593480779,18.14965781420245
2022-07-18,147.64626627696484,148.45923341835072,143.6891735633667,144.0515899658203,81420900,138.91371002197266,140.41475982666014,55.37464996530429,-0.020642967506588006,-0.035666943662799766,-0.02524671987322802,18.215142567055008
2022-07-19,144.88412086859606,148.1261847699647,143.89485526545627,147.90090942382812,82982400,139.8657600402832,140.3062338256836,60.424188048627414,0.026721811671229334,-0.054327924113835135,-0.051349755912460715,18.23413910713345
2022-07-20,148.01842499581136,150.5650688606649,147.2838179131366,149.89901733398438,64823400,140.70663986206054,140.22317413330077,62.77859966461742,0.013509774334317548,-0.061323800752093316,-0.06454907692373468,17.987177222675218
2022-07-21,151.3290755894941,152.37712231601844,148.82161886422966,152.16163635253906,65086600,141.68611831665038,140.2876235961914,65.29630798980074,0.015094288533682887,-0.06884467259288829,-0.07803552223135335,17.991229264181985
2022-07-22,152.20079694797485,153.07253011561605,150.2614383736218,150.92747497558594,66675400,142.46088409423828,140.27939636230468,62.80099828090218,-0.008110857680931671,-0.0560970816129881,-0.07055096240763115,18.015346642262486
2022-07-25,150.8491095898411,151.85796878260385,149.15462011252404,149.8108673095703,53623900,143.01379776000977,140.4057482910156,60.54655854323977,-0.007398306148010847,-0.04537100459818466,-0.06277995173153816,17.79750544082995
2022-07-26,149.13498333351035,149.94795005955055,147.70495700239573,148.48854064941406,55138700,143.50059509277344,140.5828369140625,57.89596454927779,-0.008826640442737621,-0.03359145113034223,-0.05324117067065237,17.825362405066976
2022-07-27,149.44846596743406,154.1009774684585,149.03708779660727,153.57205200195312,78620700,144.44823760986327,140.77246337890625,64.35618898332598,0.03423504150762313,-0.05941064323327405,-0.08334582012932978,18.180145594224523
2022-07-28,153.7581586202447,154.40461645264705,151.24091273921562,154.12057495117188,81378700,145.33564376831055,141.00381530761717,64.98056852216986,0.003571762844008619,-0.057000378993165235,-0.08510712893272243,18.21462413825756
2022-07-29,157.93074338059327,160.27169083424704,156.22644946059978,159.17466735839844,101786900,146.5986785888672,141.26376831054688,70.16624591154445,0.03279310636381805,-0.07900747636692151,-0.11252355255452362,18.43839197993117
2022-08-01,157.7054219228439,160.23247174092782,157.58788958801776,158.19515991210938,67829400,147.70450592041016,141.66907470703126,68.06268670895757,-0.006153664163680017,-0.06631463312485453,-0.10446644015063256,18.032506301982487
2022-08-02,156.81414688340993,159.07673453265352,156.35379186998745,156.72598266601562,59907000,148.60807189941406,142.11297271728515,64.91892960568535,-0.009287118815202722,-0.05179684075678059,-0.09323923002525325,17.90830393438618
2022-08-03,157.53894532472003,163.17093336402678,157.45079605540153,162.7203826904297,82507500,149.7447540283203,142.6720587158203,70.83754577745361,0.038247646768233556,-0.07974187650968778,-0.12320720762285009,18.228399768383948
2022-08-04,162.6028441618955,163.7586338892835,161.05526991931026,162.40695190429688,55474100,150.69778594970703,143.1167413330078,70.17091540547747,-0.0019261925331696128,-0.07209768927557869,-0.11877700027678861,17.83142682115365
2022-08-05,160.08234575425365,162.67175374212067,159.87636348602825,162.18133544921875,56697000,151.6057456970215,143.61078247070313,69.66271409158367,-0.001389204417869272,-0.06520842686924744,-0.1145048715197583,17.8532318748829
2022-08-08,163.18179581085533,164.59420304327227,161.05338198319762,161.71054077148438,60276900,152.59643783569337,144.09227355957032,68.54710204036184,-0.0029028906219716877,-0.05636059895854462,-0.10894940507811857,17.91445952031476
2022-08-09,160.8768354992681,162.6423445061743,160.1215870695177,161.75958251953125,63135500,153.54109878540038,144.51088348388672,68.60350644693978,0.00030326871589769766,-0.050806781311632965,-0.10663169851815046,17.960793784200007
2022-08-10,164.46667794890814,166.0948703368816,163.70162657940335,165.99679565429688,70170500,154.71574020385742,144.89944274902345,73.09317139709748,0.026194510821354378,-0.06795947720541096,-0.1270949407313292,18.06643856700632
2022-08-11,166.80110596451257,167.71329198279503,164.9669459141007,165.26119995117188,57149200,155.70765914916993,145.28896209716797,71.18992559390162,-0.004431384956712914,-0.05780873432375322,-0.12085255256469707,17.861175967354956
2022-08-12,166.56571053244468,168.87066800455992,166.15374591104305,168.80201721191406,68039400,156.79336395263672,145.75184478759766,74.61621100816214,0.021425581211974576,-0.07114046062732571,-0.1365515223398025,18.035597521808267
2022-08-15,168.2330984181666,170.0672580774187,168.06635799154176,169.87109375,54091700,158.0843391418457,146.18713470458985,75.56124662063792,0.006333316128229738,-0.06938646445345731,-0.13942312681088598,17.8061913309405
2022-08-16,169.46897842594916,170.3811644180383,168.37044601656845,169.7141876220703,56377100,159.1750030517578,146.73349365234375,75.11920971918218,-0.0009236776220479248,-0.06209960827660321,-0.1354082077150871,17.847573623385355
2022-08-17,169.45912928634104,172.77434653771422,169.26296497615442,171.20501708984375,79542000,160.24030303955078,147.29478118896483,76.52444189142534,0.008784353793056532,-0.06404435008197795,-0.13965850012638048,18.191795754581015
2022-08-18,170.42040013426683,171.54835650831478,169.80246813878225,170.81272888183594,62290100,161.17285766601563,147.79787811279297,75.31898866917665,-0.0022913359355698493,-0.056435321178487374,-0.13473732853342613,17.94731307867708
2022-08-19,169.7141357065489,170.41053619571213,168.02709575598993,168.2330780029297,70346300,162.03813781738282,148.2640737915039,67.75999595956372,-0.015102216888594922,-0.03682355609899135,-0.1186984417599376,18.06894076018494
2022-08-22,166.43814850327874,166.60488891273792,163.93701242863682,164.35877990722656,69026800,162.76553344726562,148.7570001220703,58.29711659135436,-0.02302934798372802,-0.009693710678919998,-0.09492513751904696,18.050005407435755
2022-08-23,163.8781795700326,165.4769480040651,163.4564120530002,164.02529907226562,54147100,163.5423713684082,149.3511947631836,57.55208697075235,-0.002028980959515314,-0.00294422693687435,-0.08946244507450629,17.807214993505387
2022-08-24,164.1135822617859,164.88843656775538,163.0640799468379,164.31954956054688,53841500,164.0797462463379,150.0541198730469,58.06138447687125,0.0017939335574788107,-0.00145937178412614,-0.08681517035344355,17.801555121812584
2022-08-25,165.54560642521002,166.8795448504242,165.12385385508654,166.7716522216797,51218200,164.7123001098633,150.78884796142577,62.13821308208919,0.014922768883499637,-0.01234833429052451,-0.09583645689981479,17.751605515119998
2022-08-26,167.3013082441995,167.7721056277997,160.42563400937078,160.48448181152344,78961000,164.77779083251954,151.34552856445313,48.98879848875436,-0.03769927518496419,0.026752175490950325,-0.056946024586995825,18.184464630314107
2022-08-29,158.06178088397027,159.77824459494397,156.757281634041,158.28738403320312,73314000,164.78240203857422,151.96346282958984,45.37516029821762,-0.013690406408892741,0.04103307439845416,-0.039952149327875386,18.110262158166673
2022-08-30,159.02308781449068,159.44484048815386,154.69759359071182,155.8647918701172,77906200,164.7393424987793,152.50356048583984,41.72076325526478,-0.015305023693977793,0.05693749385080715,-0.021565045857683374,18.171016109726818
2022-08-31,157.23795081091825,157.50278094726974,154.1286998362425,154.20716857910156,87991100,164.31368179321288,152.92607543945311,39.38352818557951,-0.010635007888099124,0.06553854342333709,-0.008307610803393373,18.292746242329002
2022-09-01,153.63821114784932,155.3840987203859,151.70596226705732,154.93292236328125,74229900,163.93998031616212,153.3732925415039,40.94346239612114,0.004706355682857932,0.05813520984107834,-0.010066484243551388,18.122677605400263
2022-09-02,156.6886409081276,157.2869518100939,152.0002433352291,152.8241424560547,76957800,163.4721206665039,153.72113220214842,37.8921185826071,-0.013610921907752926,0.06967471264241576,0.005869424370247511,18.158767790628676
2022-09-06,153.4715206737186,154.07963464254792,150.7447958267751,151.56869506835938,73714800,162.96502838134765,153.9774542236328,36.16414641294276,-0.008214980745312017,0.07518922893575342,0.015892194322759456,18.11571416467617
2022-09-07,151.85314497915547,153.6676838931478,150.66632598771957,152.97129821777344,87449600,162.52561416625977,154.26182830810546,39.48443566210749,0.009253910570262924,0.06245822621498953,0.008436419807948514,18.286573196811272
2022-09-08,151.67658920142858,153.36362955067997,149.75414265238146,151.5000457763672,84923800,161.80077667236327,154.5994451904297,37.293252980980256,-0.009617833270341603,0.06799160253193093,0.020458075759512306,18.257264953571546
2022-09-09,152.49067960307377,154.79565178409123,151.78447599724632,154.35426330566406,68028800,161.25542984008788,154.95908142089843,43.80819009577038,0.018839713972826466,0.044709918512309654,0.003918376482006547,18.035441717588537
2022-09-12,156.53171708379904,161.11222243462,156.24728104104713,160.29812622070312,104956000,160.83023529052736,155.48676452636718,54.42688354531524,0.03850792837039152,0.0033194965054776926,-0.03001508381770801,18.46905178220556
2022-09-13,156.8357585865151,157.46349338077283,150.43089710301155,150.8918914794922,122656600,159.88127517700195,155.78303009033203,41.16840210587078,-0.0586796300304856,0.05957499511318343,0.0324148538591591,18.624899147033013
2022-09-14,151.82370097735972,154.08944624806267,150.66632089509483,152.333740234375,87965400,159.0122528076172,156.05661163330078,43.44275142092552,0.009555508521667422,0.04384132210609981,0.02443891545758614,18.292454124676166
2022-09-15,151.68634859779593,152.26505346855464,148.4790242330061,149.45004272460938,90481100,157.92450408935548,156.24587768554687,40.103540026969824,-0.018930130024568892,0.0567043087459127,0.04547228516662338,18.320651558133118
2022-09-16,148.31230899881908,148.44962552428208,145.5267216779744,147.81207275390625,162278800,156.77447128295898,156.33519287109374,38.30261381734039,-0.010959983288338027,0.06063373824663376,0.05766186725070632,18.904826407810845
2022-09-19,146.44872924023372,151.5981220543988,146.24276190884032,151.5196533203125,81474200,155.9388000488281,156.4851431274414,44.39005804031616,0.02508306999103538,0.029165501845318742,0.03277125903021871,18.215796975950646
2022-09-20,150.4603364872082,155.05065980282333,150.14647654096677,153.8932647705078,107689800,155.4155242919922,156.72507446289063,47.93201069021008,0.015665370123158162,0.009891657856206049,0.018401128188460625,18.494765439406617
2022-09-21,154.32480845556432,155.69798850992015,150.6564895920879,150.77418518066406,101696800,154.75296859741212,156.8832308959961,43.9688897919855,-0.020267810904493144,0.026389022842209453,0.04051784931228064,18.43750640526349
2022-09-22,149.4599321736332,151.50987771041477,148.01810072789718,149.8130340576172,86652500,154.02764282226562,157.02941223144532,42.794665096769876,-0.006374772457865885,0.028132457173436043,0.048169227859391484,18.277416436952286
2022-09-23,148.2926712627535,148.56730428254153,145.71306650576898,147.54722595214844,96029900,153.06642150878906,157.07190032958985,40.07746228260505,-0.015124238820217295,0.03740629836328191,0.06455339513147051,18.38017016968579
2022-09-26,146.79202323434507,150.82326264584486,146.77240230987616,147.88075256347656,93339400,152.4362350463867,157.08775695800782,40.67458726345187,0.0022604736156564,0.030805107520363473,0.06225965336888062,18.351752881066595
2022-09-27,149.81297617549825,151.75502830388234,147.0764338903238,148.85174560546875,84442700,151.964453125,157.1837600708008,42.47190695013851,0.006566054237351793,0.020911461312529633,0.055975255321600415,18.251583767642668
2022-09-28,144.81072915722658,147.75323924438212,142.06438341593866,146.96856689453125,146691400,151.5196418762207,157.16511322021483,39.94435507358897,-0.012651371357974228,0.03096631530030103,0.06937909609611226,18.803841625171625
2022-09-29,143.3002265150421,143.90834038923484,137.9840792223541,139.7495880126953,128138200,150.7967628479004,156.96212463378907,32.06634259767428,-0.04911920306752726,0.0790497846347964,0.12316699366247952,18.668619934744616
2022-09-30,138.5725991267457,140.35772899315157,135.35545614892226,135.55162048339844,124925300,149.82769775390625,156.62992431640626,28.54116548798993,-0.030039212200865473,0.10531838143724936,0.15550019806358106,18.643226524637306
2022-10-03,135.5614611189966,140.32832857992096,135.05142179088293,139.72019958496094,114311700,149.17250061035156,156.40577880859374,36.05825392874823,0.030752705771400546,0.06765164273647395,0.11942138125480306,18.554439494479123
2022-10-04,142.2507447443845,143.41794280659562,141.49549629829846,143.3002471923828,87830100,148.75907821655272,156.27556640625,41.72770834007685,0.025622978052252998,0.038093660905143656,0.09054638402994253,18.290914835841402
2022-10-05,141.30911612057122,144.55568241187106,140.26941690015158,143.59445190429688,79471000,148.2902359008789,156.17768463134766,42.181409388144125,0.002053064929602666,0.03270170911416326,0.0876303545170205,18.19090274578519
2022-10-06,143.01577382273572,144.7126168501461,142.43708385477177,142.64305114746094,68402200,147.8473861694336,155.95910461425783,41.06786293112593,-0.0066256094453428505,0.03648502314068258,0.09335227590603812,18.04091556043764
2022-10-07,139.80842665549343,140.35770766147775,136.77764549427565,137.40538024902344,85925600,146.99994201660155,155.62480072021484,35.51011627799083,-0.036718724510617196,0.06982668182417329,0.13259612133216225,18.268992375147633
2022-10-10,137.7290496826172,139.17088043179675,135.91451126723297,137.7290496826172,74899000,145.87148818969726,155.19588836669922,36.08574510750876,0.0023555804947896775,0.05911925280718555,0.12682029480587143,18.131651110614786
2022-10-11,137.21904887976436,138.64127407342733,135.57125040118655,136.31668090820312,77033700,145.14272766113282,154.7583187866211,34.633055419632456,-0.010254690478651574,0.06474663771246925,0.13528526190302959,18.159753559390726
2022-10-12,136.4638036366148,137.67022848780448,135.51239091855444,135.68893432617188,70433700,144.31048736572265,154.33757781982422,33.978328614822175,-0.004605060641507119,0.06353910200831936,0.13743673046192817,18.07018241397081
2022-10-13,132.4031824941024,140.8383711075261,131.79505342070354,140.2498779296875,113224000,143.85047912597656,153.8881677246094,42.48578171921096,0.03361323180969156,0.025672758147384567,0.09724279262303015,18.54487872422786
2022-10-14,141.54453406151188,141.75051634248345,135.5418185741853,135.72817993164062,88598000,143.24628448486328,153.35459228515626,37.34762264971769,-0.03224029899201608,0.05539088903283851,0.1298655324369129,18.29961985324403
2022-10-17,138.36665154683308,140.16156968133146,137.5819791306435,139.68096923828125,85250900,142.65435028076172,152.9045849609375,43.75174714137488,0.029122834393207286,0.021286944518606354,0.0946701314772389,18.261109242987004
2022-10-18,142.70194639396894,143.88875049899616,137.91545818930572,140.9952850341797,99136600,142.00945129394532,152.4902798461914,45.737842132246875,0.009409412055670696,0.007192909036070061,0.08152751213790688,18.412009265119256
2022-10-19,138.97476591255997,142.1722884311379,138.78840452952474,141.10317993164062,61758300,141.52590103149413,152.0771517944336,45.90669961904246,0.0007652376278737272,0.0029958297187795413,0.07777267576896185,17.938738953587368
2022-10-20,140.27927658716155,143.0942732786787,139.91635681145763,140.64218139648438,64522000,141.0673583984375,151.57005950927734,45.258650119883725,-0.0032671023812474997,0.003023111542578505,0.07769986219131653,17.98251682437955
2022-10-21,140.13210997918807,145.01668666487555,139.91632474569775,144.4477996826172,86548600,140.91238708496093,151.15379150390626,51.362623269450516,0.027058868458562868,-0.024475364840615965,0.04642501883741801,18.276216675388838
2022-10-24,144.36937374781388,147.35111109163424,143.20217553886908,146.5860595703125,75981900,140.84765243530273,150.70947235107423,54.43681622027577,0.014802993831636968,-0.03914701815323196,0.0281296379263396,18.146005725152804
2022-10-25,147.21375676214043,149.56777350297594,146.49775025875292,149.42063903808594,74732300,140.8760971069336,150.30046325683594,58.20791452871859,0.019337305853520004,-0.057184482586601804,0.00588823755817125,18.129422966279495
2022-10-26,148.06712385627637,149.07738452163943,145.20306734701933,146.48797607421875,88194300,140.85206756591796,149.8359390258789,53.293350303383434,-0.019626893464962936,-0.03847352294256101,0.022854865234563038,18.29505290437694
2022-10-27,145.23251764978033,146.19373355952823,141.36801811707775,142.02517700195312,109180200,140.96584701538086,149.2523422241211,46.81561010663563,-0.030465292728220406,-0.007458747870863092,0.05088650741177103,18.50851029531271
2022-10-28,145.36000606754794,154.48179100593666,144.98729827273644,152.75552368164062,164762400,141.82604217529297,148.8911981201172,59.54736839130754,0.07555242602894219,-0.07154884643730397,-0.025297452218992156,18.920015000137795
2022-10-31,150.22496108445085,151.2842665764986,149.0087181195706,150.40150451660156,97943200,142.360107421875,148.53456665039062,56.35983432314151,-0.015410370167334153,-0.05346620115651135,-0.012413026533287574,18.399898286979834
2022-11-01,152.10816072803473,152.47106552613408,146.27218522217615,147.76304626464844,80379300,142.58324737548827,148.20265197753906,52.93928949788733,-0.017542765017100503,-0.03505476518048345,0.0029750720765682193,18.202267250754435
2022-11-02,146.0956414814595,149.2539372421044,142.22133903213634,142.25076293945312,93604600,142.51606292724608,147.7671612548828,46.578937588654796,-0.037304884167876695,0.0018650162734514808,0.03877939352618909,18.354590096222612
2022-11-03,139.33766635298934,140.0634909361085,136.09109910411752,136.21861267089844,97918500,142.19484100341796,147.20514251708985,40.80185881855396,-0.04240504686166202,0.04387233297521531,0.0806536612785409,18.399646068196084
2022-11-04,139.59827074317496,140.16810151754257,132.0234836201314,135.95333862304688,140814800,142.12223892211915,146.58877624511717,40.563592629208905,-0.001947414106267975,0.04537512915498576,0.07822858732111615,18.762956116902053
2022-11-07,134.70559929239224,136.70981865595215,133.29084915754692,136.48385620117188,83374600,142.0599792480469,146.10876373291015,41.30183118052257,0.003902203384618108,0.040855550261241325,0.07052048351822315,18.238854276581414
2022-11-08,137.94774130575934,138.9498435557623,135.0789489012502,137.05369567871094,89908500,142.09682998657226,145.6840899658203,42.13323272946713,0.004175141979423147,0.03679677722579422,0.06297089797083055,18.314303055594188
2022-11-09,136.07126240547402,136.12038860314053,132.22982461259858,132.50491333007812,74917800,141.93762893676757,145.21689239501953,37.55985107569306,-0.03318978248712334,0.07118766670328625,0.09593590717104239,18.131902083801343
2022-11-10,138.7631733571785,144.29443359375,137.05368118428237,144.29443359375,118854000,142.1398567199707,145.0186376953125,52.078564717181784,0.08897421210565559,-0.014931808664534807,0.00501893304908374,18.59340641548656
2022-11-11,143.26289458275522,147.37940577392345,141.83830991998155,147.07484436035156,93979700,142.70718994140626,144.8614761352539,54.75078798783056,0.01926900918735086,-0.02969681482880926,-0.015049264438959042,18.358589370105896
2022-11-14,146.3576203774582,147.64464544159856,144.84461786588682,145.67971801757812,73374100,143.0071273803711,144.71858764648437,53.14927834587511,-0.009485825729349084,-0.01834566042257546,-0.006597557876778626,18.111081583908003
2022-11-15,149.5506845345609,150.89665553667209,145.95486237795845,147.40890502929688,89868300,143.32780838012695,144.6353918457031,54.90977301462868,0.011869785549077694,-0.027685550261422942,-0.018815099284826386,18.31385583437073
2022-11-16,146.51481993344615,147.24183349471545,144.70707528826344,146.18077087402344,64218300,143.5816879272461,144.49958129882813,53.375684511594585,-0.008331478719208696,-0.017779923660528496,-0.011500757350938695,17.977798790342945
2022-11-17,143.86218666008645,148.82363252503697,143.58709795786277,148.07696533203125,80389400,143.95342712402345,144.4311196899414,55.44542009698488,0.012971572435077183,-0.02784726306864571,-0.024621288219371706,18.202392897100864
2022-11-18,149.6390649453273,150.0222252429551,147.3401031595605,148.63694763183594,74829600,144.1628845214844,144.31677337646485,56.065692266769915,0.003781697568889575,-0.03010061214008186,-0.029065278345676737,18.130724099956264
2022-11-21,147.52674987775407,147.73305885560603,145.12953609848137,145.41444396972656,58724100,144.10430374145508,144.01909973144532,51.61271525704616,-0.021680367589970384,-0.009009698022462098,-0.00959563713334921,17.888360779750098
2022-11-22,145.5323481888436,147.7821833963105,144.353379792247,147.54638671875,51804100,144.01059112548828,143.95218963623046,54.20418339355845,0.0146611484445609,-0.02396395921237693,-0.024359777033176266,17.76297987398011
2022-11-23,146.82919031011303,149.1674586072914,146.72111870836432,148.42079162597656,58301400,144.10723190307618,143.8739306640625,55.262482034505084,0.0059263051212046225,-0.029063042149583995,-0.030634932694418193,17.88113668190677
2022-11-25,145.70918504900035,146.2691965387926,144.5400508786952,145.5126953125,35195900,144.2816078186035,143.79518371582031,51.03814828233739,-0.0195935911782833,-0.008460344241804085,-0.011803173551223067,17.376440184923993
2022-11-28,142.59478278627932,144.06847835661756,140.86565204725017,141.69091796875,69246000,143.72837753295897,143.67276062011717,46.0555995421359,-0.02626421932149925,0.01437960592970633,0.013987083150976964,18.053175954071865
2022-11-29,141.7596944766532,142.27057984792378,137.8887997144492,138.6944122314453,83763800,143.14302291870118,143.41625579833985,42.54829689635152,-0.021148184938469816,0.03207490926045575,0.0340449445001072,18.24351150315309
2022-11-30,138.92038744793726,146.1120302873751,138.08530213977906,145.4341278076172,111380900,143.0265769958496,143.24707305908203,51.495442213866696,0.04859399501203421,-0.016554235570844344,-0.015038112315894914,18.528466425516672
2022-12-01,145.610975865171,146.51484082101652,144.0390276864429,145.70921325683594,71250400,143.19949951171876,143.14577362060547,51.825212954879945,0.0018914779726435516,-0.01722412529050865,-0.0175928452218872,18.08171100516737
2022-12-02,143.40040769964443,145.4046270438478,143.09583136119605,145.21795654296875,65447400,143.64946670532225,143.0538720703125,51.15632333305165,-0.0033714869697447636,-0.010800935882763207,-0.014902320099896893,17.99675733982967
2022-12-05,145.17866278529172,148.2734173934748,143.21373541725012,144.05865478515625,68826400,144.05473251342772,142.98410064697265,49.531639913652405,-0.007983184624068662,-2.7226907917343723e-05,-0.007459143220420517,18.047097964761065
2022-12-06,144.49096870660432,144.71693119940028,139.431270776129,140.40391540527344,64727200,144.2507354736328,142.8345639038086,44.71076235390379,-0.025369800831011147,0.027398239267441893,0.017311828459477985,17.985692088431197
2022-12-07,139.69649373678865,140.85579352307042,137.54489617657669,138.46841430664062,69721100,144.32147140502929,142.62689727783203,42.35942397308614,-0.013785235924838823,0.042269979964000726,0.030031996769908753,18.06001357022979
2022-12-08,139.8635600853956,141.00322179654424,138.62566097989853,140.14846801757812,62128300,144.7036491394043,142.49049530029296,45.06029477710831,0.012133118728557157,0.032502539530113506,0.016711044479067017,17.944712175778317
2022-12-09,139.84388950557997,143.01725827820258,138.42913927736055,139.66705322265625,76097000,144.4722801208496,142.4888446044922,44.41802761514543,-0.0034350343013488382,0.034404870635688756,0.020203700992656115,18.14751941338257
2022-12-12,140.19757351667832,141.96601125722427,138.58633357333804,141.95619201660156,70462700,144.21634750366212,142.61693603515624,48.19894891181843,0.016389969868527032,0.01592149983000546,0.0046545628561056596,18.07059406394906
2022-12-13,146.87831847453648,147.34007759813417,141.71056497387187,142.9189910888672,93886200,144.07831115722655,142.68091186523438,49.74730643733316,0.006782367564163838,0.00811172860602194,-0.0016658333634944622,18.35759397917306
2022-12-14,142.8010797480732,144.08810457077118,138.68455516840615,140.6986083984375,82291200,143.7427963256836,142.62887908935548,46.30951324922617,-0.01553595273457431,0.021636233377841263,0.013719188220055134,18.225774746201363
2022-12-15,138.63543512859985,139.31333739130548,133.64451838807022,134.1062774658203,98931900,143.13907165527343,142.43911560058595,37.9288924881086,-0.04685427245981488,0.06735549118314244,0.06213607813317634,18.40994230272178
2022-12-16,134.29294719185827,135.23610381983994,131.38484844130548,132.1511688232422,160156900,142.342781829834,142.22927795410158,35.856416829910444,-0.014578800333015174,0.07712086920868266,0.07626197498365905,18.891664523943383
2022-12-19,132.74070852472047,132.829126684755,129.01717664823065,130.0487518310547,79592600,141.41337203979492,142.0821453857422,33.72252681514426,-0.01590918196871627,0.0873873839520114,0.09252986580232614,18.192431694232976
2022-12-20,129.08594985161608,130.91333356900068,127.61225378892564,129.97999572753906,77432800,140.64164962768555,141.92716430664063,33.65199370660383,-0.0005286948359561894,0.08202534428832564,0.091915440620147,18.164921034317945
2022-12-21,130.64800547841642,134.4108428696223,130.42204304769788,133.07469177246094,85928000,139.9180648803711,141.8623245239258,39.7593593825673,0.02380901790002299,0.05142505322959057,0.06603534176498771,18.26902030589767
2022-12-22,131.99401195090732,132.20032094511618,128.0150307307424,129.9111785888672,77852100,138.99258422851562,141.74676940917968,36.10103637332075,-0.023772462978932984,0.06990472827891558,0.09110525321126395,18.170321443677164
2022-12-23,128.6241804492717,130.09787639620362,127.36662777385332,129.54769897460938,63814900,138.1943344116211,141.53272583007814,35.694648376870916,-0.002797908680423289,0.06674480137780314,0.0925143939285078,17.971497279038328
2022-12-27,129.0760801645503,129.10555287498912,126.46272323679952,127.74974822998048,69007800,137.4972759246826,141.37315719604493,33.67528315268487,-0.013878677574823417,0.07630173702694276,0.10664137624395953,18.049730114141976
2022-12-28,127.39607559848972,128.73222692892008,123.66271775984325,123.8297348022461,85438400,136.75404205322266,141.0561325073242,29.72660669841099,-0.030685097090582203,0.10437159759420034,0.13911357988925976,18.263306218113392
2022-12-29,125.74552617249071,128.19185867326428,125.4900910087302,127.33712005615234,75703700,135.8491916656494,140.78296920776367,36.86043245375211,0.02832425717060194,0.06684674198492524,0.10559253378498012,18.142337607569253
2022-12-30,126.1581629090278,127.67115035805844,125.19534521858718,127.65149688720705,77034200,134.94630584716796,140.513935546875,37.473135398591964,0.0024688545721474053,0.05714628608238437,0.10076214516335202,18.159760050035352
2023-01-03,127.99539057563403,128.60451337209517,121.99253578697105,122.8767547607422,112117500,133.82924575805663,140.15862701416015,32.340104726882856,-0.037404513404835416,0.08913395392513768,0.14064395081940528,18.53505799539313
2023-01-04,124.66481618620304,126.40378110334797,122.88655931785308,124.14411163330078,89113600,132.83351860046386,139.75255325317383,34.889507725611935,0.010314049024376493,0.06999451567086812,0.1257284088187569,18.305422529500724
2023-01-05,124.90062068574456,125.52939692056384,122.57218626779334,122.82762145996094,80962700,131.95470390319824,139.2773844909668,33.478352994309574,-0.010604531749588864,0.07430806145027025,0.13392560106171336,18.209499125101075
2023-01-06,123.8002891357673,128.0052263064182,122.69992677159716,127.34697723388672,87754700,131.39863204956055,138.8359112548828,42.131353204118355,0.03679429529129963,0.031815869553248444,0.09021756362457967,18.29005599152486
2023-01-09,128.18205614149144,131.07050217869943,127.6122253254048,127.86766052246094,70790800,130.7845916748047,138.46350494384765,43.05048031762601,0.004088697665889152,0.022812110117799156,0.08286570957889294,18.075239620843863
2023-01-10,127.9757103650532,128.958174020526,125.87323874198964,128.43746948242188,63896200,130.22311248779297,138.19175079345703,44.09690605654592,0.004456239815702645,0.013902819890230678,0.07594576061287261,17.972770465311235
2023-01-11,128.94836939344688,131.1687321095965,128.17222961380045,131.1490936279297,69458900,129.68275756835936,137.7596221923828,48.908124695206276,0.021112407122587662,-0.01118068008712525,0.05040468356729333,18.056245783099172
2023-01-12,131.53223946571177,131.90556546211644,129.1350257391296,131.0704803466797,71379600,129.09033203125,137.37300170898436,48.777059921278536,-0.0005994191730598342,-0.015107507885774307,0.04808497951357604,18.0835226862096
2023-01-13,129.71466811603167,132.55398732492168,129.3511613806362,132.39678955078125,57809700,128.67524108886718,137.06567657470703,51.15530139902674,0.010119053509176856,-0.02810905366014671,0.035264352253307596,17.872667156929733
2023-01-17,132.4655864864573,134.8824388666635,131.77786487384603,133.55612182617188,63646600,128.64773330688476,136.8917837524414,53.200703050173225,0.008756498396405243,-0.03675150530108651,0.024975732154090213,17.9688564801278
2023-01-18,134.4207108763407,136.17931456809228,132.66209219338052,132.8389434814453,69672800,128.68212203979493,136.82419036865235,51.75681786836673,-0.005369865004466012,-0.03129218987074367,0.03000059156420254,18.059320570016148
2023-01-19,131.7287538123279,133.86069855178562,131.42419241972087,132.89788818359375,58280400,128.82457885742187,136.7630813598633,51.87243215294514,0.00044373058535107646,-0.030649917631081935,0.029083932251277922,17.880776419844135
2023-01-20,132.9077080011768,135.59966433835268,131.86629872212012,135.45228576660156,80223600,129.098193359375,136.74244995117186,56.71365292131009,0.01922075375252774,-0.04691018960119531,0.009524860929946755,18.200328306353796
2023-01-23,135.69786549716068,140.80668812964507,135.4817223092692,138.63543701171875,81760300,129.3762306213379,136.77408477783203,61.86204734370771,0.023500166328696004,-0.06678816462776527,-0.013426236999775076,18.21930236591974
2023-01-24,137.84949253259393,140.64952034187644,137.83967329148908,140.0305633544922,66435100,129.88219985961913,136.9245977783203,63.88925514422986,0.010063273668301065,-0.07247248923209804,-0.02218062615594152,18.011736104289373
2023-01-25,138.41932337339787,139.93231102042415,136.37579688239575,139.372314453125,65799300,130.37343063354493,136.8261553955078,62.209074712751146,-0.004700751647344403,-0.06456722667547188,-0.018268757806081615,18.002119773138816
2023-01-26,140.65936144448216,141.72042430582104,139.4116280346841,141.43551635742188,54105100,131.057719039917,136.71336883544922,65.29024639998869,0.014803527604406508,-0.07337476176266167,-0.03338728237141875,17.80643902772674
2023-01-27,140.64951214628343,144.64813175929368,140.57091324840124,143.3709259033203,70555800,132.0347785949707,136.66719299316406,67.93157163936412,0.013684041998386576,-0.07906866219162134,-0.046757966218874736,18.071914458254852
2023-01-30,142.41796049282078,142.99761054282715,140.34496125408572,140.49232482910156,64015300,132.69253883361816,136.52886138916017,60.551076372584625,-0.020077997376956924,-0.055517523857415485,-0.028211245310109656,17.974632690874326
2023-01-31,140.19757555057984,141.80881551729502,139.78494257033407,141.7596893310547,65874500,133.39794845581054,136.44043975830078,62.48366317282699,0.009020880702876655,-0.058985321671499946,-0.03752300529053598,18.00326198984455
2023-02-01,141.44529588395375,144.0389993752098,138.8417731528238,142.8796844482422,77663600,134.39809494018556,136.336494140625,64.15488133781581,0.007900660071086474,-0.05936175979678249,-0.04579510609142923,18.167897249979816
2023-02-02,146.2888275489756,148.52884341135578,145.57163330132713,148.1751708984375,118339000,135.5996479034424,136.32725860595704,70.78216013364349,0.03706255700833094,-0.08486929975342938,-0.07995882319988201,18.58906395339926
2023-02-03,145.43409313083382,154.6201342687517,145.23760339877686,151.79063415527344,154357300,137.047798538208,136.45478240966796,74.27871717651153,0.024399926350104018,-0.0971261217736551,-0.10103292492946403,18.85478060938106
2023-02-06,149.8945101165513,150.41521473457135,148.13589150827315,149.06922912597656,69858300,138.1339111328125,136.4852392578125,67.71029397150855,-0.017928675536812322,-0.07335731228557407,-0.08441708555109972,18.061979476978514
2023-02-07,147.99832954313612,152.50783427872634,147.99832954313612,151.93800354003906,83322600,139.3374282836914,136.55558349609376,70.6560896354213,0.019244578045266136,-0.08293234715978837,-0.10124142535472824,18.238230390864523
2023-02-08,151.18154087876945,151.86926257026718,148.51905726950346,149.2559051513672,64120100,140.37835006713868,136.6304476928711,64.71198759338253,-0.01765258412102988,-0.05947875278519377,-0.08458933296938609,17.97626846087594
2023-02-09,151.08329292122983,151.62365104865805,147.78221371418798,148.2243194580078,56007100,141.23211135864258,136.76111572265626,62.53296871131654,-0.006911523482526216,-0.047173150296339394,-0.07733686197560241,17.840989044231957
2023-02-10,147.06324691592152,148.913088785703,146.82709018156558,148.58837890625,57450700,142.1080062866211,136.95899505615233,63.00639738834397,0.0024561384364818473,-0.04361291688711133,-0.07826576974391164,17.866437764099306
2023-02-13,148.5293837823251,151.78630268022678,148.4998660592826,151.3828887939453,62199000,143.05731124877929,137.0779702758789,66.505063250015,0.018807055492936486,-0.0549968203903044,-0.09449495007019948,17.94584949648718
2023-02-14,149.68057287811524,151.30412220458746,148.44078385852455,150.74325561523438,61707600,143.91666793823242,137.17865112304688,64.98999444538218,-0.004225267358859641,-0.045286189747861916,-0.08998481847048978,17.93791767415672
2023-02-15,150.6546952720313,153.0063681105949,150.42838780610393,152.83909606933594,65573800,144.91667556762695,137.33107391357422,67.59496078434711,0.013903377935866601,-0.051835038975334924,-0.1014663299809524,17.99868679914288
2023-02-16,151.0482514150965,153.8230360580732,150.89082864502956,151.24505615234375,68167900,145.83403396606445,137.47480194091796,63.71205202085476,-0.010429529864983245,-0.03577652271046117,-0.09104597903388989,18.037484352194543
2023-02-17,149.90686323328694,150.54643357945778,148.43091780603734,150.10365295410156,59144100,146.56660232543945,137.66879669189453,61.009554553008066,-0.007546714102790175,-0.023564054298822912,-0.08284179643522294,17.895487413914086
2023-02-21,147.7913568926055,148.87372305726493,146.03006833094608,146.09893798828125,58867200,146.93977737426758,137.82140716552735,52.58205953711779,-0.026679663599158854,0.0057552737724471115,-0.05665702254055982,17.89079463443502
2023-02-22,146.4826667367167,147.5453493019233,144.80009726904348,146.52203369140625,51011300,147.26435089111328,137.9488784790039,53.315766382979184,0.002895953310481536,0.005066249634989584,-0.05851103070585606,17.747557754376846
2023-02-23,147.68313363952294,147.92912460701393,144.87884561858365,147.0041961669922,48394200,147.64594497680665,138.09562133789063,54.185767433961,0.003290716511630043,0.004365513546874977,-0.060600819985993426,17.694890550458997
2023-02-24,144.75089452156274,144.82961341599875,143.3831856356865,144.35731506347656,55469600,147.7920349121094,138.14364379882812,48.80839876654438,-0.018005479928673962,0.02379318184965218,-0.04304368823925675,17.831345698928207
2023-02-27,145.34128862301924,146.77786725557394,145.0854484451516,145.54791259765625,44998500,147.90088424682617,138.1962222290039,51.15644723975732,0.008247573277849973,0.01616630295258381,-0.05051044867249266,17.622139736068654
2023-02-28,144.69188448050687,146.68932985809187,144.47541123636594,145.04611206054688,50547000,148.12857360839843,138.2831723022461,50.11314337652868,-0.0034476656391254634,0.02125159719251779,-0.046626136076489355,17.7384141742722
2023-03-01,144.47539591550134,144.8689754008769,142.68457472462396,142.97976684570312,55479000,148.18957748413087,138.46064208984376,45.95675399659909,-0.014246126183521501,0.03643739777565802,-0.0316067430767053,17.831515146759962
2023-03-02,142.06468141879296,144.35731860288683,141.59236804059648,143.5701446533203,52238100,148.22410049438477,138.68902160644532,47.30160387377778,0.004129100366027982,0.03241590270945527,-0.033998176004220615,17.771322690816895
2023-03-03,145.66597544130724,148.68675112203792,144.96736964186593,148.6080322265625,70732300,148.24574356079103,139.06020721435547,57.109881652467294,0.035090077992240065,-0.0024378807817005965,-0.06424837789151772,18.074412900647584
2023-03-06,151.32377696340643,153.79353555974586,150.99908214162087,151.36314392089844,87558000,148.22436904907227,139.48787017822266,61.34685399039411,0.01853945344041419,-0.02073671826918766,-0.078455517208877,18.28781200029894
2023-03-07,151.23521425072406,151.55992406603715,148.70643540651363,149.1688995361328,56182000,148.22935256958007,139.8097543334961,56.5550378073428,-0.014496556611643396,-0.006298544599272593,-0.06274193368551106,17.84410699666361
2023-03-08,150.35949790258118,151.00891757952724,149.39521763366128,150.4185333251953,47204800,148.15337905883788,140.21990142822267,58.54116647496069,0.008377307823202118,-0.015059010457576405,-0.06780169751372223,17.670006161484746
2023-03-09,151.09748364556307,152.06176399701366,147.82088228318355,148.17510986328125,53833600,148.0993392944336,140.59244964599608,53.787160176009024,-0.014914541528362912,-0.0005113582768223601,-0.05117364329462326,17.801408384082738
2023-03-10,147.80123737088158,148.51952687879202,145.2429249942403,146.11865234375,68572400,147.9940559387207,140.95982772827148,49.795261009054016,-0.013878562475362455,0.012834799424229049,-0.03530572266258092,18.043400693960344
2023-03-13,145.43968998615728,150.6842189540097,145.33145336527863,148.05703735351562,84457100,147.96748886108398,141.44437377929688,53.31253517888908,0.01326582868561843,-0.0006048242895596578,-0.044662946742813014,18.251754282940666
2023-03-14,148.8540608128164,150.94005952145656,147.69299059245188,150.14305114746094,73695900,147.90549697875977,141.90049240112305,56.81860077106369,0.01408925797268612,-0.014902815359090993,-0.05489803679454053,18.115457738245155
2023-03-15,148.7655134809102,150.79247683579462,147.51587504804607,150.53665161132812,77167900,147.89516677856446,142.35819549560546,57.4676273231463,0.002621503032335548,-0.01754712094688904,-0.05432867031504518,18.16149413837487
2023-03-16,149.71994010489203,153.9509875803486,149.20827470890512,153.35076904296875,76161100,147.9207504272461,142.96767578125,61.879251162968416,0.018693902126283524,-0.035409138471298784,-0.06770812645099566,18.148361404750453
2023-03-17,153.57707174404285,154.22649145558808,151.80593390078133,152.51438903808594,98944600,147.9842170715332,143.5350813293457,59.890932237734944,-0.005454032021505295,-0.029703243052178196,-0.05887515116031394,18.410070665613677
2023-03-20,152.58327776546486,155.28917828804447,151.67801783277878,154.8759002685547,73641400,148.22282943725585,144.17604690551758,63.46094197626966,0.015483858574675491,-0.04295743120629103,-0.06908662577252866,18.1147179391346
2023-03-21,154.79717806171172,156.8438093660786,154.0296725549558,156.72573852539062,73938300,148.75416946411133,144.76362213134766,66.01287726638165,0.011944003254401148,-0.050863177524525405,-0.07632515569294973,18.118741533118417
2023-03-22,156.74540844255807,159.53986153376988,155.27929723644732,155.29898071289062,75701800,149.19301681518556,145.31224853515624,62.393350409272664,-0.009103532233595835,-0.03931747568255761,-0.06430648888930812,18.142312509406043
2023-03-23,156.2829907905543,158.95937384680835,155.15142327717084,156.38137817382812,67622100,149.66187591552733,145.87112670898438,64.00576698358074,0.006969765390402616,-0.042968685509547244,-0.06720909859971258,18.029445425450476
2023-03-24,156.31248202721346,157.76874417421377,155.3186840441415,157.68019104003906,59196500,150.32801971435546,146.40174865722656,65.89536950370292,0.008305418978768797,-0.04662710818137383,-0.07152732571175424,17.89637299337775
2023-03-27,157.37517430078694,158.19186606543823,155.33836200567538,155.74179077148438,52390300,150.83771362304688,146.89517486572265,60.768006257742385,-0.012293238965333853,-0.03148851136322883,-0.05680309608576495,17.774232036739154
2023-03-28,155.4367781198492,155.94844355059743,153.47868455836303,155.1219024658203,45992200,151.34150314331055,147.34967712402343,59.18207612768071,-0.003980231013097857,-0.024370506436657058,-0.05010398414569095,17.64398239660099
2023-03-29,156.8143056879684,158.46737267599335,156.7946372221569,158.19186401367188,51305700,152.10210800170898,147.84239196777344,64.16939744971188,0.01979063883985055,-0.03849601273701775,-0.06542354191492417,17.753312434570738
2023-03-30,158.9396863414281,159.8646148025582,158.68386113447403,159.75637817382812,49501700,152.9114196777344,148.3807406616211,66.42111520629696,0.00988997866553376,-0.042846229830309834,-0.07120615553658449,17.717517590584865
2023-03-31,159.83510289651463,162.35404815041076,159.31360321570477,162.25564575195312,68749800,153.59380035400392,148.96789581298827,69.69723680835611,0.015644242857118407,-0.05338393840046052,-0.08189391424492176,18.045984399961313
2023-04-03,161.63575413574327,163.62335040456196,161.58655293789977,163.50527954101562,56976200,154.20090713500977,149.52895568847657,71.20973245527736,0.007701635177446153,-0.05690563896239098,-0.08547934287976966,17.858144212294654
2023-04-04,163.92841482435924,164.1645565845821,162.46230300187705,162.97396850585938,46278300,154.8911605834961,150.01572631835938,69.61866586003559,-0.0032495038487302397,-0.04959569921789497,-0.07951111644577835,17.650183748293486
2023-04-05,162.09822184489292,162.40324825832465,159.20536551321473,161.13392639160156,51511700,155.42693023681642,150.43779357910157,64.26345375824161,-0.011290405032946427,-0.03541771917675185,-0.06638038960526127,17.757319543710565
2023-04-06,159.8252203026454,162.31466233453045,159.40212310856722,162.01947021484375,45390100,156.11914825439453,150.89073669433594,65.63355472041329,0.005495700645251178,-0.036417363620712795,-0.06868763060236338,17.6308045995899
2023-04-10,158.8314525568901,159.43167114257812,157.51294452082058,159.43167114257812,47716900,156.78479919433593,151.25065979003907,58.56713903974297,-0.01597214871048591,-0.016601920617611343,-0.05131358966452071,17.680796211760818
2023-04-11,159.7465367378167,159.75637097122245,157.93603184667683,158.2213897705078,47644200,157.29301681518555,151.5476690673828,55.55459292284488,-0.007591223019847604,-0.005867556571641952,-0.04217963647522571,17.679271480763383
2023-04-12,158.6346273017189,159.46115319792997,157.2177171858746,157.5325927734375,50133100,157.66249389648436,151.88847442626954,53.85670487100136,-0.004353374711657976,0.0008245983942745116,-0.03582825780875265,17.730192046492654
2023-04-13,159.0380889195549,163.14121655398105,158.83144989570576,162.90505981445312,68445600,158.28091430664062,152.3113818359375,63.2826966779606,0.03410384445803083,-0.028385524139516227,-0.0650297663595083,18.041549841746082
2023-04-14,161.95058596716467,163.6528540223282,161.19294470872245,162.56065368652344,49386500,158.74140853881835,152.70500122070314,62.40265485164813,-0.0021141524291631297,-0.023494277742448055,-0.06062753958178346,17.715187685706766
2023-04-17,162.44258319038994,162.7377753387549,161.39958394505072,162.58033752441406,41516200,159.24470596313478,152.99310455322265,62.43480829866888,0.00012108611428551797,-0.020516820250655377,-0.058969203270055504,17.541594294562486
2023-04-18,163.43639900098648,164.7253892225956,162.99360326395418,163.8004608154297,49923000,159.69093399047853,153.23330108642577,64.46353349362712,0.007504740792116937,-0.025088615773686818,-0.06451239316665291,17.72599239640444
2023-04-19,163.14119328481948,165.46334834295578,162.8853530999642,164.9418487548828,47720200,160.10173950195312,153.5507534790039,66.29718994672314,0.006968160735147277,-0.029344337349598293,-0.06906128045652637,17.680865367255528
2023-04-20,163.42655222639002,165.17800667808302,162.90505258707114,163.97756958007812,52456400,160.5356689453125,153.79154479980468,63.32436874529946,-0.005846176589409335,-0.020990069822231283,-0.06211840318379103,17.77549292539843
2023-04-21,162.40325123756864,163.78079474740133,161.85223383363555,162.3737335205078,58337300,160.83528671264648,154.0539013671875,58.61638886890426,-0.009780825900014833,-0.00947472706641328,-0.05123878088489919,17.881752258049474
2023-04-24,162.35403159020615,162.9444158925364,161.26183114076272,162.67874145507812,41949600,161.08521423339843,154.3429898071289,59.23706496876145,0.0018784314923188106,-0.009795546777817465,-0.05124057128417758,17.551979479509253
2023-04-25,162.54097982284455,163.64301445601814,161.1043860925183,161.1437530517578,48714100,161.3553123474121,154.59409729003906,54.78390526575744,-0.00943570370406499,0.001312860670350302,-0.04064480091645295,17.701479094396433
2023-04-26,160.44515464932056,162.62955575633885,160.18932943478703,161.13392639160156,45498800,161.65591354370116,154.7891180419922,54.755526845136,-6.0980708033397946e-05,0.0032394615075104216,-0.03937599295004868,17.633196531925616
2023-04-27,162.54100085037314,165.85695442572842,162.54100085037314,165.70936584472656,64902300,162.03178863525392,155.08844024658202,64.08441246864965,0.02839525825247602,-0.02219293514718179,-0.06409369527185682,17.988393635591276
2023-04-28,165.7880799666726,167.1262714474298,165.18786139778672,166.958984375,55275900,162.3919189453125,155.37083801269532,66.13796855599992,0.007541025360294773,-0.027354415497818252,-0.0694071445492086,17.827847584891533
2023-05-01,166.5653655163748,167.71660118549804,165.93562938076653,166.87039184570312,52472900,162.62265625,155.6833447265625,65.85050220733686,-0.0005306245101365237,-0.02545529826304238,-0.06704033588825475,17.77580742287095
2023-05-02,167.36241202489828,167.6182522416185,164.8533011388869,165.83726501464844,48425700,162.73925552368163,155.99801696777342,62.44206988184206,-0.0061911931747002935,-0.018681021365693384,-0.05933074237570135,17.695541243146362
2023-05-03,166.7818533947913,168.17908009941613,164.47938185396285,164.7647247314453,65136000,162.82879333496095,156.37133270263672,59.02632085175656,-0.006467426263381704,-0.011749671537034323,-0.05094168088763673,17.99198796507739
2023-05-04,162.24580144031648,164.36131774887434,161.67510059572527,163.13136291503906,81235400,162.9286651611328,156.70351928710937,54.166780882919824,-0.009913298001550497,-0.0012425431277235388,-0.03940286841885454,18.212861683029736
2023-05-05,168.23814318555767,171.50491053581004,168.02166992672903,170.78662109375,113453200,163.3670227050781,157.17916778564452,67.62136125532547,0.04692695531942492,-0.043443674575651015,-0.07967517139785751,18.546900983864806
2023-05-08,169.71409550111375,171.0621363032094,169.35003364925416,170.71774291992188,55962800,163.93132629394532,157.70637634277344,67.42956213938942,-0.000403299587444339,-0.039752263062427184,-0.07621566660034651,17.840197760118635
2023-05-09,170.27491417680565,170.75704676065035,168.8481698742082,169.01544189453125,45326900,164.47102890014648,158.17572692871093,62.69646754392035,-0.009971435869961742,-0.026887560943813504,-0.0641344651371234,17.629411255259036
2023-05-10,170.24543004162442,171.23922812803062,169.14338031673282,170.77676391601562,53724500,165.13323745727538,158.6903399658203,65.40246330002373,0.010421071599975296,-0.03304621969248467,-0.07077323444388006,17.799379712408765
2023-05-11,171.0621017201797,171.7902252766967,169.4090348343318,170.9636993408203,49514700,165.53616943359376,159.25001861572267,65.68695781890158,0.0010946186150746495,-0.031746680307885966,-0.06851560167603843,17.717780173345137
2023-05-12,171.0720697527437,171.50561502670146,168.4905238476374,170.03749084472656,45533100,165.9100112915039,159.77936553955078,62.92599443489005,-0.005417574021063576,-0.02427393825160451,-0.06032860902742454,17.63395011393082
2023-05-15,170.61886136031444,170.66813061172948,168.95365989259247,169.54486083984375,37266700,166.25823745727538,160.1981021118164,61.44662608512668,-0.0028971846293160963,-0.019384977912559664,-0.05512852870755258,17.43361075130475
2023-05-16,169.4660330445526,170.5991506527755,169.2788189100942,169.54486083984375,42110300,166.5454574584961,160.56173645019533,61.44662608512668,0.0,-0.01769091299193648,-0.05298376102437041,17.55580294805842
2023-05-17,169.19011716888295,170.39219951568867,167.91903983890597,170.15573120117188,57951600,166.80615158081054,160.9814730834961,62.70748212407679,0.003603001343138068,-0.01968537642967305,-0.053916832850192,17.87511875463329
2023-05-18,170.4611756877155,172.6683084617715,170.04734111161662,172.48109436035156,65496700,167.23132781982423,161.42272430419922,67.11619301095607,0.013666087781847747,-0.030436765026312984,-0.06411351978697988,17.997510332924836
2023-05-19,173.80146880445517,173.80146880445517,172.37275062180032,172.5895233154297,55809500,167.74211730957032,161.91101257324217,67.31025506035057,0.000628642550537073,-0.0280863282587559,-0.06187229987692333,17.837454681674654
2023-05-22,171.42681253611994,172.14611049896482,170.90459157041087,171.64358520507812,43570900,168.19035949707032,162.42151123046875,63.774302929012485,-0.005480854759780218,-0.020118582957131315,-0.05372804327986347,17.589900077246348
2023-05-23,170.58932589998523,170.83565715552854,168.76646859501835,169.0423583984375,50747300,168.5852897644043,162.84121765136717,55.18861981222893,-0.015154815156842028,-0.002703870428474864,-0.03668394599922742,17.742368992205932
2023-05-24,168.57922839342694,169.8897122746601,168.0176010356781,169.31822204589844,45143500,168.99450454711913,163.22472106933594,55.86718519370159,0.0016319202481234196,-0.0019118881291556589,-0.03598845359308511,17.62535688505239
2023-05-25,169.87986475065702,171.34798918728478,169.17042964019168,170.45135498046875,56058300,169.23160400390626,163.62301513671875,58.63781154098332,0.006692327151079702,-0.007156006338009169,-0.04006034357739441,17.84190279642753
2023-05-26,170.77652387763237,173.19056694623742,170.5695990272421,172.8555450439453,54835000,169.52643203735352,164.0131106567383,63.826728690902144,0.014104845712444192,-0.019259509469282232,-0.05115505195369341,17.819839252412972
2023-05-30,174.36309800636275,176.36330631715728,173.9788219031772,174.69810485839844,55964400,169.91781768798828,164.45678497314452,67.2207156954758,0.01065953547503895,-0.027363131238800964,-0.05862295926767502,17.840226350130205
2023-05-31,174.72766202276017,176.71802248155805,174.16601962684186,174.64883422851562,99625300,170.35839614868163,164.85224365234376,67.03957965313634,-0.000282032995851611,-0.02456608484554934,-0.056093077399839486,18.416926716400077
2023-06-01,175.09221783191245,177.47670209655325,174.33351350934285,177.4471435546875,68901800,170.99251708984374,165.26667175292968,71.70327530300524,0.01602249072278661,-0.03637492458623037,-0.06864281699752417,18.048192874974628
2023-06-02,178.37335293714096,179.11234656032465,176.62932377666553,178.29452514648438,61996900,171.75067520141602,165.72658264160157,72.95137874477264,0.004775402831636466,-0.03670247271862115,-0.07048978365744629,17.942594957889163
2023-06-05,179.949884959394,182.2358308287415,175.4272324012079,176.94464111328125,121946500,172.05857620239257,166.13784790039062,67.8195579253358,-0.007571090767336086,-0.027613522964849646,-0.061074430651855915,18.61909299012766
2023-06-06,177.32891962025158,177.476712338109,174.8261860088602,176.580078125,64848400,172.3516929626465,166.51584564208986,66.45981162930005,-0.002060322290562411,-0.02394599213712123,-0.05699528842537793,17.9875628115222
2023-06-07,175.821391670984,178.55074607277277,174.71783250558175,175.2104949951172,61944600,172.66144561767578,166.9052197265625,61.473372993893584,-0.0077561588171531914,-0.014548497094951096,-0.04740169970289809,17.941751011313396
2023-06-08,175.28927455408018,178.18613184931536,174.85574427470908,177.92010498046875,50214900,173.01861267089845,167.36118377685546,66.78332504203611,0.015464884026650694,-0.02754883890220483,-0.059346419589694,17.73182237328518
2023-06-09,178.83643579626113,179.55571862854532,177.97920810525306,178.3043670654297,48900000,173.3856460571289,167.76343383789063,67.46809475530237,0.002159745156417925,-0.027586093875624718,-0.05911763913034729,17.705287974894997
2023-06-12,178.60982685528654,181.19137296447727,178.31422641468646,181.09283447265625,54274900,173.93841323852538,168.19016296386718,71.98196241144535,0.015638806009744766,-0.039506926129709075,-0.07124893453880576,17.809572449682747
2023-06-13,180.1173932820357,181.44757286544584,179.7626757194867,180.61990356445312,54929100,174.49216537475587,168.5574481201172,70.20282009172199,-0.0026115384939459085,-0.03392615137517563,-0.06678364458339736,17.821553838900513
2023-06-14,180.67898290027227,181.6840182899738,179.3488035947976,181.2504730224609,57462900,175.07744598388672,168.9123519897461,71.22407967976105,0.0034911404865343165,-0.034057991328989345,-0.0680722142511917,17.866650097536485
2023-06-15,181.26039966554973,183.78282934416612,181.083033341499,183.28030395507807,65433200,175.73367462158203,169.31847869873047,74.28000968499688,0.011199037987424276,-0.04117534274357004,-0.0761774449030248,17.99654034816186
2023-06-16,183.989688464097,184.245882524342,181.56579797087076,182.2062530517578,101256200,176.21993255615234,169.7399252319336,70.0414436748011,-0.005860154529116812,-0.03285463805627453,-0.06841877054725998,18.433164506520004
2023-06-20,181.7037512704965,183.3689525999345,181.7037512704965,182.29493713378903,49799100,176.7052032470703,170.1454345703125,70.19268668955817,0.00048672359233492557,-0.030663132913100855,-0.0666475040640313,17.723507489623103
2023-06-21,182.1865534203878,182.68907870149724,179.91045548906328,181.26036071777344,49515700,177.18604202270507,170.5820083618164,66.00628119208326,-0.00567528880550483,-0.022477714812739302,-0.05891167993747659,17.71780036916339
2023-06-22,181.04356888160584,184.304991288712,180.97458893469445,184.25572204589844,51245300,177.94671020507812,171.10269500732423,71.3365510836118,0.01652518684318882,-0.03424052056982374,-0.07138463268618467,17.75213448397433
2023-06-23,182.82703803402,184.80753566864925,182.29495416898448,183.94044494628903,53117000,178.67782135009764,171.63085205078124,70.0907770113634,-0.0017110844434501393,-0.028610475514115885,-0.06692162182766392,17.78800760446038
2023-06-26,184.0882365039062,185.2903339778169,182.51171079012911,182.55113220214844,48088700,179.28281021118164,172.02377349853515,64.72660969947462,-0.007553057428703491,-0.017903597482745837,-0.05766800006452877,17.688557801036243
2023-06-27,183.16204815111053,185.6253604426876,182.9452754666625,185.3002014160156,50730800,179.90504302978516,172.478564453125,69.6725382933949,0.015059173726860164,-0.029115771839437032,-0.0691938641453761,17.742043798891906
2023-06-28,185.17208134019785,187.11317238738192,184.84693738882143,186.47271728515625,51216800,180.49377365112304,172.95641204833984,71.50758704520814,0.006327655664595033,-0.0320633694895438,-0.07248409007815937,17.751578180713345
2023-06-29,186.30524420235463,187.28072131986812,186.1672993101183,186.8077545166016,46347300,181.10171966552736,173.41655792236327,72.02840718115813,0.0017967091182191641,-0.030544957118293192,-0.07168437214445644,17.651673617428443
2023-06-30,188.8178023638345,191.62596911406445,188.45322195229383,191.1234588623047,85213200,181.7855354309082,173.94019012451173,77.68649442007367,0.0231023832863404,-0.04885807052144242,-0.0899066438001872,18.260666921111934
2023-07-03,190.93624105216276,191.0347795474039,188.9458807202263,189.6356201171875,31458200,182.35259017944335,174.4533511352539,72.25976870683004,-0.007784699764088687,-0.03840538994332143,-0.08006021744517999,17.26417027023399
2023-07-05,188.75868490984945,190.1479814937267,187.8226142934088,188.52220153808597,46920300,182.93146820068358,174.97632049560548,68.40861856520529,-0.005871357809326572,-0.029655569963588202,-0.07185297504466015,17.663960996903736
2023-07-06,187.05407174607456,189.2020878041572,186.42346442381324,188.9951629638672,45094300,183.55222244262694,175.50264892578124,69.16050640725092,0.002508783697211747,-0.02879936415240869,-0.07139079025353412,17.624266432851986
2023-07-07,188.6010117511895,189.8425155087971,187.4481836116548,187.8817138671875,46815000,184.18578338623047,176.03740814208984,65.22476721114631,-0.005891415839529013,-0.019671581682343287,-0.06304129061474462,17.661714243715803
2023-07-10,186.4825418141745,187.2018396490787,184.2951198418446,185.8420867919922,59922200,184.58188247680664,176.53157135009766,58.641543348257635,-0.010855910525902068,-0.00678104909893773,-0.05009906852970025,17.90855762880837
2023-07-11,186.3840224673472,186.5219673229217,183.86159365977755,185.3198699951172,46638100,184.93265762329102,176.92378143310546,57.05374625121292,-0.0028100028679698408,-0.0020894271717132318,-0.0453059273257258,17.657928383054088
2023-07-12,186.8964015042781,188.88676181703667,185.70416691161037,186.98509216308597,60750200,185.2272705078125,177.3243035888672,60.70723853271693,0.008985664451484077,-0.009400865250478452,-0.051666089860216036,17.922280948821435
2023-07-13,187.70438329432412,188.38425984411805,186.99494820191867,187.7437896728516,41342300,185.5834648132324,177.74177154541016,62.28164480953336,0.004057529405092408,-0.011506771347183364,-0.05327482813077444,17.537396771046275
2023-07-14,187.4383302857117,188.37438582770977,186.8471444335954,187.8915863037109,41616200,185.91552047729493,178.1828579711914,62.596059031613635,0.0007872251386682461,-0.010517053292752765,-0.05167196958370546,17.54400009653203
2023-07-17,189.08381775872684,191.4683169379724,188.9951421376018,191.1431579589844,50520200,186.30866317749025,178.71042663574218,68.76492658513241,0.017305573491819937,-0.02529253379046681,-0.06504408243537574,17.737883834060977
2023-07-18,190.5125801606121,191.4781943768324,189.5962201627232,190.88699340820312,48288200,186.7427001953125,179.26553924560548,67.81600425912316,-0.0013401711759739587,-0.021710715533290625,-0.060881330650672916,17.6926978030659
2023-07-19,190.26622781119136,195.3209338889853,189.82281961650224,192.23687744140625,80507300,187.23979721069335,179.6945443725586,70.1533421622157,0.007071639660207074,-0.02599438930356124,-0.06524415729063515,18.203858433928364
2023-07-20,192.22703531122195,193.5867885139367,189.67504737311492,190.2958068847656,59581200,187.69156951904296,180.08610565185546,63.061260435699715,-0.010097285091578145,-0.013685206249970827,-0.053651740414294324,17.902850662817308
2023-07-21,191.2515812847552,192.1088091911953,188.42368841793876,189.12327575683597,71951700,187.93494720458983,180.48826232910156,59.16996318612758,-0.006161623564515328,-0.006283354322680124,-0.045658121102115534,18.091505632435847
2023-07-24,190.5716741809672,192.04966138875844,189.4286937985748,189.92135620117188,45377800,188.23399276733397,180.8711541748047,60.936839348112194,0.004219895415527919,-0.008884537619090027,-0.04765236626038438,17.630533578671617
2023-07-25,190.49282690419068,191.5865379274597,190.0888401670233,190.778564453125,37283200,188.6453643798828,181.26745147705077,62.79895167743881,0.0045134905789381286,-0.011181550083244951,-0.04985420140537411,17.43405340782949
2023-07-26,190.82786945588316,192.76896069007796,190.48301476563847,191.64569091796875,47471900,188.96263885498047,181.69961547851562,64.63543744798271,0.004545198604095857,-0.014000064651266908,-0.051898247186316304,17.675648536070728
2023-07-27,193.1433883962488,194.30606454519105,189.7243098384596,190.3844757080078,47460200,189.15822677612306,182.1164077758789,59.99619034356049,-0.0065809734824707755,-0.0064409082060107314,-0.04342826746446293,17.67540204410831
2023-07-28,191.8131810983056,193.7444243627897,191.29096014596897,192.95616149902344,48291400,189.46564712524415,182.5846337890625,65.44282704995601,0.013507854468973735,-0.018089675637525393,-0.053750694610565364,17.692764069646728
2023-07-31,193.18277106210203,193.6064685292723,192.394508242959,193.56704711914065,38824100,189.58782653808595,183.05286010742188,66.605942765631,0.003165929584064031,-0.020557324401428212,-0.0543180627498403,17.474551771547425
2023-08-01,193.36016991822595,193.8429695122176,192.41425136889904,192.73941040039065,35175100,189.7430160522461,183.45802642822267,63.48818643229241,-0.004275710825100254,-0.015546350079207683,-0.048155091648807824,17.375849032318104
2023-08-02,192.1777357193533,192.3156805851802,189.03456234552243,189.75384521484372,50389300,189.804598236084,183.80131286621094,53.71956711326491,-0.015490164566472453,0.00026746768258001374,-0.0313697587624282,17.735289428760606
2023-08-03,188.75870197685728,189.5469498842792,187.89161123685508,188.36456298828125,61235200,189.7730682373047,184.135732421875,49.87397800723771,-0.007321497095299945,0.007477548996894345,-0.022450244883212678,17.930232761868652
2023-08-04,182.797485975556,184.63019095429203,179.25031019901363,179.3192901611328,115956800,189.34494705200194,184.3412710571289,33.20651377100519,-0.04802003457365367,0.05590952809293559,0.0280058040129616,18.5687282745382
2023-08-07,179.45723692919626,180.4425618735659,174.7473848978987,176.22537231445312,97576100,188.864111328125,184.4794140625,29.566767133077136,-0.017253681095321993,0.07171917895636248,0.04683798728663513,18.396143154595272
2023-08-08,177.05300588853655,177.62449604499406,174.97397007455905,177.16139221191406,67823000,188.45618743896483,184.6136148071289,31.995320520824805,0.00531149337446557,0.06375426996837064,0.042064597157267514,18.032411943166714
2023-08-09,178.21570618554995,178.2748232727554,174.41235154839882,175.57504272460938,60378500,187.88568496704102,184.66800476074218,30.101016548824433,-0.008954261803311825,0.07011612841661652,0.05178960457606263,17.916143655833437
2023-08-10,176.8460961883882,178.09746293161143,174.99369573264087,175.35826110839844,54686900,187.26640853881835,184.6812078857422,29.841009586432023,-0.001234694936403713,0.06790753600743593,0.05316514157026653,17.817134768879264
2023-08-11,174.95373578240464,176.2363757071569,174.1940069392339,175.41744995117188,52036700,186.6427017211914,184.6965802001953,30.01875057426929,0.00033753096317967746,0.06399164834025406,0.05289741842448592,17.767459816055695
2023-08-14,175.59504844195268,177.2920967961584,174.9438523177461,177.06517028808594,43675600,185.93880233764648,184.68894073486328,34.95869265619797,0.009393138124928369,0.05011506235316121,0.04305629635898134,17.5923001746224
2023-08-15,176.49287966212987,177.08486372444068,174.68729891451414,175.0819549560547,43622600,185.14855041503907,184.6246893310547,32.028180760408844,-0.011200482448380678,0.057496476216015946,0.054504385545587564,17.59108594557077
2023-08-16,174.766254405872,176.1574269074876,174.14465676238186,174.21372985839844,46964900,184.24739303588868,184.57007110595703,30.810497962120806,-0.004958963919920678,0.05759398633876689,0.05944618289256676,17.6649110934558
2023-08-17,174.77610583538885,175.14116345073805,171.16494410110627,171.67800903320312,66062900,183.31650314331054,184.4720297241211,27.519712449085134,-0.014555229529017888,0.06779257387506443,0.07452335195967685,18.00611789158577
2023-08-18,170.00070631097662,172.76334408254257,169.6652471318657,172.16148376464844,61172200,182.46841354370116,184.4110494995117,29.075163081919044,0.0028161715887082828,0.05986780291196081,0.07115160410448662,17.929203412261792
2023-08-21,172.73380105146174,173.77965356611938,171.42154731254445,173.49351501464844,46311900,181.647021484375,184.3225177001953,33.320884280696774,0.007737103682383006,0.04699603019189591,0.06241733406941785,17.650909527063792
2023-08-22,174.6971995908385,175.30892111024494,173.89801113995804,174.86492919921875,42038900,180.8513397216797,184.2537289428711,37.47111927436545,0.007904699979446095,0.03423448343744662,0.05369172530276756,17.55410596186158
2023-08-23,176.13775330473885,179.12731842197306,175.95028634108905,178.7030487060547,52722800,180.20420761108397,184.20593322753905,47.3482385948245,0.021949052473885677,0.00840029823720867,0.03079345630267305,17.780558576489224
2023-08-24,178.25902046647073,178.68329009610582,173.6612029173666,174.02627563476562,54945800,179.38629760742188,184.07406066894532,39.21886389161383,-0.026170639533866003,0.030800072880405205,0.05773717214558616,17.821857820971477
2023-08-25,175.0129348306344,176.7593040006282,173.4737548580186,176.2265167236328,51449600,178.54981536865233,183.97358154296876,44.08300118740602,0.012643154494008213,0.01318359284524151,0.04396083497176129,17.75611326511222
2023-08-28,177.68677460091166,178.1801023209798,176.1673318473753,177.7854461669922,43820700,177.76073532104493,183.86368438720703,47.30096074228165,0.008846168399300414,-0.0001389925130543812,0.034188615273410106,17.595616889265163
2023-08-29,177.3019791564373,182.4325844218137,177.10465107991652,181.6629943847656,53003900,177.20691452026367,183.85281921386718,54.339644410483665,0.021810267945843398,-0.024529375834595468,0.012054325298984647,17.785876072581356
2023-08-30,182.4720764804315,185.34324769153272,182.27474838508303,185.1459045410156,60813900,176.97651748657228,183.9098385620117,59.56393562109645,0.01917237006934469,-0.04412404948786508,-0.006676172406125502,17.92332895567185
2023-08-31,185.3333318426413,186.59624944883035,184.9781353249528,185.3629302978516,60794500,176.8264358520508,183.99188995361328,59.87203365685325,0.001172187726074858,-0.04605286737798042,-0.0073965185058050276,17.923009898767134
2023-09-01,186.96131537308187,187.3855699191495,185.76745585396847,186.9317169189453,45766500,177.2070571899414,184.04540985107423,62.11891305945302,0.008463324455288301,-0.052022523995864156,-0.015440435231879879,17.639062962252904
2023-09-05,185.7674844117445,187.44479564304945,185.1064270757959,187.1685333251953,45280000,177.75421524047852,184.10997161865234,62.46061883101108,0.0012668604887029478,-0.05029861546417058,-0.01634121746965278,17.628376013944006
2023-09-06,185.88585963952747,186.329866585718,179.04834537431464,180.46913146972656,81755800,177.91960220336915,184.0683316040039,48.99586937466936,-0.03579341963335736,-0.014127231873917956,0.0199435776354977,18.219247325468725
2023-09-07,172.84229174782251,175.8318715643951,171.22417743783686,175.19053649902344,112488800,177.90037689208984,183.86613830566407,41.41946018262267,-0.02924929558708822,0.015467961039559386,0.04952095004680235,18.538364227986985
2023-09-08,175.97000602806156,177.83478423163749,175.41746632815568,175.80226135253906,65551300,177.92257690429688,183.65272918701172,42.52857971473037,0.003491768823477681,0.012060797941079393,0.044655101556003274,17.998343615421724
2023-09-11,177.66702357259294,177.89395007164453,174.9734438173143,176.96649169921875,58953100,178.00002899169922,183.45590393066405,44.67547161585009,0.00662238550131633,0.005840299384118008,0.036670288081853464,17.89225278746573
2023-09-12,177.09475937210624,177.72621814105926,172.48708107979573,173.94732666015625,90370200,177.84413681030273,183.1123812866211,40.45498159676971,-0.017060659394175226,0.022402242247503645,0.05268867767293006,18.31942513606511
2023-09-13,174.15451849429098,174.93398459835862,171.6582818339781,171.88522338867188,84267900,177.6843002319336,182.7573733520508,37.82653853407274,-0.011854756903008523,0.03373807665914774,0.06325238289270807,18.249511579404626
2023-09-14,171.67802028548886,173.75000241444866,171.2636268707299,173.39480590820312,60895800,177.64335403442382,182.45482543945312,40.85601961920617,0.00878250317141993,0.024502164894546707,0.052250812726457596,17.924674781206146
2023-09-15,174.12491445244186,174.14465177290464,171.50042292713772,172.67453002929688,109259500,177.69318008422852,182.12841278076172,39.85807550751267,-0.0041539645615887855,0.029064217253581992,0.05474972336603923,18.509236353833735
2023-09-18,174.12492516303394,176.9862345995646,173.81906442528663,175.5950469970703,67257600,177.8648582458496,181.88267944335936,45.65448936966755,0.016913420683860814,0.012926396772553472,0.03580757290035619,18.02404059608157
2023-09-19,175.1510856525732,177.23292932503867,174.76629061620125,176.68040466308594,51826900,178.0242027282715,181.69944580078126,47.6728867306945,0.006181026655232014,0.007605812697497827,0.028407457789482615,17.763419896751827
2023-09-20,176.86782730089922,177.30195805066697,173.0593371622532,173.1481475830078,58436200,177.93836364746093,181.45601135253906,42.182091867183665,-0.019992353350185232,0.027665419072165687,0.04798124545657312,17.88344613588911
2023-09-21,172.22069958579337,173.94734650075085,171.53990496478352,171.6089630126953,63149100,177.58365936279296,181.14848876953124,40.019103405176196,-0.008889408242583774,0.034815759300728555,0.05558873842813328,17.961009170713282
2023-09-22,172.33909518451154,174.7169382879251,171.7273736602944,172.45748901367188,56725400,177.50522003173828,180.84276275634767,41.79114647060014,0.004944531952645104,0.029269421971383602,0.0486222650615713,17.85373265779867
2023-09-25,171.87533847239564,174.60837768157924,171.826002699743,173.73025512695312,46172700,177.3804069519043,180.5595361328125,44.442526257989954,0.007380173053431971,0.021010455676150563,0.0393096815570142,17.64789929396329
2023-09-26,172.48711848209095,172.86203732750283,169.36928354767613,169.665283203125,64588900,176.97439880371093,180.1299786376953,38.42293429762053,-0.02339818082266476,0.043079618072693115,0.06167847208931865,17.983553142846095
2023-09-27,170.31643241476104,170.730825832551,166.79408083596385,168.15565490722656,66921800,176.29903182983398,179.67535186767577,36.44848943421296,-0.00889768529777002,0.04842761266102058,0.06850615262867477,18.019035346452377
2023-09-28,167.08024048447163,169.7343462157436,165.38319180250966,168.4122314453125,56294400,175.46234817504882,179.1988589477539,37.040659229020875,0.0015258275924618925,0.041862260651927,0.06404895541060562,17.84610563878617
2023-09-29,169.72445084440017,170.7604419321708,168.06686209293406,168.92526245117188,51861100,174.64046478271484,178.77144805908202,38.27906851758278,0.0030462811486822172,0.0338327272582748,0.058287229897045156,17.764079568084682
2023-10-02,168.93512915166482,171.9740294168616,168.6489906711008,171.43136596679688,52164500,173.8654472351074,178.41760986328126,44.066865180355954,0.014835575681579227,0.014198575940776115,0.040752425071602705,17.76991276403763
2023-10-03,169.96126458937815,171.31299281082715,168.54049336939298,170.09939575195312,49594600,173.01199035644532,178.02117065429687,41.82212009638507,-0.007769699595707169,0.017122898006877607,0.046571446461195265,17.719392534964026
2023-10-04,168.80687858022958,171.88525384459265,168.68848474300435,171.34259033203125,53020300,172.55566329956054,177.632451171875,44.6558339789161,0.007308636074704333,0.007079809901195944,0.03670926666659535,17.786185435912017
2023-10-05,171.47083294671847,173.10868450108188,170.3756448658088,172.57589721679688,48527900,172.42493133544923,177.25105529785156,47.39334290241416,0.007197900314076522,-0.0008747796406238795,0.02709044632798041,17.69764946884907
2023-10-06,171.48072926712837,175.61481822954005,170.8689926183437,175.12149047851562,57266700,172.39089279174806,176.94579559326172,52.60438302816874,0.014750572372924653,-0.015592590488501812,0.010417368592291032,17.863229878380483
2023-10-09,174.45055415802327,176.66066786762835,173.45403753652568,176.60147094726562,42390800,172.37264175415038,176.61870178222657,55.37222086415242,0.00845116418725067,-0.023945605721358953,9.756903421309637e-05,17.562441939116322
2023-10-10,175.7233217666065,177.3216985969386,175.5753144327677,176.0094451904297,43698000,172.47574768066406,176.26754974365235,54.01336621111802,-0.0033523263065725617,-0.020076749324119625,0.0014664244463893361,17.59281291531245
2023-10-11,175.82199530812358,177.449985807142,175.23001108089,177.40065002441406,47551100,172.75151901245118,175.96077453613282,56.70230548884602,0.00790414873746803,-0.02620695590079891,-0.008116517544231594,17.67731550126174
2023-10-12,177.66707923291622,179.90677658142434,176.6508101249457,178.2985382080078,56743100,172.9967056274414,175.73166839599608,58.39324877682114,0.005061357911992914,-0.029735704138982633,-0.014396471433866465,17.854044638653825
2023-10-13,178.99904528395493,179.5022341867499,175.76281633481818,176.46334838867188,51427100,173.18614654541017,175.49364410400392,53.77097563693005,-0.010292792289721131,-0.01857157235871698,-0.0054952163920868324,17.7556758482837
2023-10-16,174.39134016768617,176.69024903281087,174.15453745424634,176.33505249023438,52517000,173.22314682006837,175.43395935058595,53.45242619115487,-0.0007270399185382859,-0.017647686187284628,-0.005110119212958675,17.776647503712127
2023-10-17,174.29266779074965,176.03905203817294,172.467364361049,174.78599548339844,57549400,173.128426361084,175.40517181396484,49.62939999806979,-0.008784736698460582,-0.009483420669545994,0.0035424825018386397,17.868154284737425
2023-10-18,173.23698998157923,175.2103011579656,172.7732606507149,173.49351501464844,54764400,173.14569473266602,175.33181427001952,46.63251575360653,-0.007394645464446015,-0.0020048027844329352,0.010595780800313426,17.818550924037513
2023-10-19,173.69079235758196,175.46677490830675,172.85214438582656,173.11854553222656,59302900,173.22117385864257,175.28268432617188,45.76902201248038,-0.002161288174893583,0.0005928210989787353,0.012500906747408225,17.898168783513363
2023-10-20,172.97054807703984,173.07908076842247,170.33618008275127,170.57298278808594,64244000,173.12694854736327,175.18697875976562,40.311761451232464,-0.014704159720812626,0.014972862158659117,0.027049981165023995,17.97819890773058
2023-10-23,168.62929981085605,171.68792291287053,167.6623665542272,170.69140625,55980100,172.97500610351562,175.0924578857422,40.666202353631974,0.0006942685762914014,0.013378528560312963,0.025783674365517095,17.840506846265747
2023-10-24,170.74070856198065,171.35243005141567,169.1620540054936,171.12550354003906,43816600,173.04801712036132,174.97366455078125,42.025229446332304,0.002543170154701624,0.011234524022145198,0.022487361212303547,17.595523321802236
2023-10-25,169.58633193718455,170.75057806188605,168.3727349771656,168.81674194335938,57157000,173.08107147216796,174.84836029052735,37.15132535696149,-0.013491627775631287,0.02526011034047393,0.035728792522199404,17.861312442889542
2023-10-26,168.0964746462511,169.0930062294273,163.459197305812,164.6629180908203,70625300,172.89360580444335,174.65734405517577,30.33481747848556,-0.02460552078379008,0.04998507137522834,0.060696276248687564,18.0728990093687
2023-10-27,164.6826577744484,166.70530437202822,164.60372353518264,165.9751739501953,58499100,172.74610137939453,174.54328735351564,34.428000680883855,0.00796934655713577,0.040794820502679574,0.05162286141595729,17.884521944562636
2023-10-30,166.76449089816728,168.8857938712959,166.61648356307745,168.0175323486328,51131000,172.57540969848634,174.46040832519532,40.306550442280354,0.01230520414487013,0.027127391327210093,0.038346450435860824,17.749901544411973
2023-10-31,167.09008588386948,168.61938959873203,165.6594236135805,168.4911346435547,44846000,172.4949966430664,174.36036071777343,41.6137116968617,0.0028187671149648708,0.02376304253622563,0.03483403495759685,17.618744978614146
2023-11-01,168.71809981635425,171.9049930418825,167.84983811075637,171.64846801757812,56934900,172.51029052734376,174.29603149414064,49.545856811094204,0.01873886944083325,0.005020857568489134,0.01542433502110474,17.857419085400355
2023-11-02,173.17774724497193,175.40758286457637,173.11855033416663,175.2003936767578,77334800,172.6415153503418,174.2259783935547,56.676538399917106,0.02069302278197993,-0.014605437081021133,-0.005561718571254426,18.163654619230662
2023-11-03,171.91480549386804,174.46037768725847,171.03668297815753,174.29263305664062,79829200,172.60007247924804,174.23130554199219,54.55448257806864,-0.005181270435910101,-0.009711027641900127,-0.00035186521411101346,18.19539992280326
2023-11-06,174.02629776104038,177.035584920202,173.85856813665714,176.8382568359375,63841300,172.61191177368164,174.24354034423828,59.17114626314025,0.014605458272408,-0.02389949515379397,-0.014672823280012737,17.971910889970857
2023-11-07,176.78889227095914,180.00539823599848,176.58170308551922,179.3936767578125,70530000,172.78112335205077,174.27570495605468,63.21135428630283,0.014450605698097307,-0.03686057126020614,-0.02852927647314596,18.071548723362724
2023-11-08,179.91661457451394,181.00192645947115,179.16674685036813,180.44940185546875,49340300,172.9335609436035,174.25143310546875,64.76271309234978,0.005884962707361829,-0.04165068343027856,-0.03434740534614944,17.71425176957383
2023-11-09,180.5184782994409,181.6629871195562,179.3838155582821,179.97581481933594,53763500,173.0174247741699,174.14803131103517,63.4697127780026,-0.0026244865943758633,-0.03866291730447802,-0.03238092581578722,17.80010537482663
2023-11-10,181.7541222530608,184.32281184408907,181.3194195461175,184.15484619140625,66133400,173.40199966430663,174.12386962890625,69.29529159853325,0.023219960838990028,-0.05839024467443754,-0.05447033716437766,18.007184487331898
2023-11-13,183.58186108306091,183.7893232540613,181.9912524470517,182.5741424560547,43627500,173.71395416259764,174.03671813964843,65.06844985454701,-0.008583557631215544,-0.048529261451082384,-0.046761409921239006,17.591198266356486
2023-11-14,185.4391901985185,185.84425545326624,184.0560589323069,185.1823272705078,60108400,174.23377075195313,173.9969940185547,68.4843920735387,0.014285619964398366,-0.05912311763185385,-0.060401731724723295,17.911660173430448
2023-11-15,185.5874067506803,187.2175269447368,185.5182426445681,185.74546813964844,53790500,174.84636840820312,174.10252075195314,69.18506806744784,0.003041007624437153,-0.058677607807104515,-0.06268226893666029,17.800607448204936
2023-11-16,187.2866746678448,188.6599317940755,186.37774261703024,187.42498779296875,54412900,175.56169052124022,174.34720977783203,71.23883320199701,0.009042049155447485,-0.06329624139996115,-0.06977606438252804,17.812111834445673
2023-11-17,187.95848017105547,188.08691917335904,186.29872264128755,187.4052276611328,50922700,176.40330276489257,174.5792691040039,71.17872562751666,-0.00010542954847492236,-0.05870660617927892,-0.06843970532305998,17.74581937423727
2023-11-20,187.60281994734132,189.598493753426,187.59294582194016,189.1440277099609,46505100,177.32593383789063,174.82281982421875,73.31257412292301,0.009278289995048539,-0.06248198272584371,-0.075715887300987,17.65507256346583
2023-11-21,189.10452557023848,189.21320125507725,187.45464204586924,188.3437957763672,38134500,178.18684844970704,175.11074920654298,70.7176242029109,-0.004230807302151862,-0.053927697935535646,-0.07026006094480897,17.45662996840243
2023-11-22,189.1835618351496,190.60620477415247,188.53150773289747,189.00572204589844,39617700,179.196297454834,175.4531591796875,71.61268642997061,0.0035144575206353945,-0.05190014611664673,-0.07170451095083674,17.494786571301724
2023-11-24,188.57100791556655,188.60064536615056,186.970525284031,187.68185424804688,24048300,180.3472442626953,175.73890014648438,67.18918685736746,-0.007004379462808408,-0.03908001663100513,-0.0636340372350449,16.99557490752996
2023-11-27,187.6324673323309,188.37343380166536,186.6247487130357,187.5040283203125,40552600,181.42368698120117,176.0354901123047,66.59414540377503,-0.0009474859913700673,-0.032427790451116656,-0.061164223034270715,17.51811047950191
2023-11-28,187.4941467613032,188.77849160556613,187.11871894105684,188.10667419433597,38415400,182.42814407348632,176.28572265625,67.64008591519047,0.0032140422764355137,-0.030187818402355404,-0.06284174439166135,17.463969004860132
2023-11-29,188.6006665186497,189.77633577367203,186.6939199672285,187.08909606933597,43014200,183.3580421447754,176.493896484375,63.99648520070893,-0.005409580119144164,-0.01994265835341802,-0.05663183909464364,17.577040874949343
2023-11-30,187.55341843722024,188.02764780463457,185.92329832736,187.6620941162109,48794400,184.15872344970703,176.78417541503907,65.13537496421964,0.0030627014556880994,-0.018668504596002222,-0.05796545515705276,17.703126130634413
2023-12-01,188.0375263099119,189.25270705783996,186.95076949469112,188.9365692138672,45704800,184.8455322265625,177.1307275390625,67.59101715215516,0.006791329403299962,-0.021652965354069797,-0.06248574176998545,17.637713905051168
2023-12-04,187.69175492742627,187.76091903857423,185.19222907454912,187.14837646484372,43389500,185.48831939697266,177.42454528808594,61.089505359189054,-0.009464513706710309,-0.008870272343414642,-0.05195787086394754,17.5857280573627
2023-12-05,187.91898862751916,192.05850876803487,187.88933609882636,191.0903167724609,66628400,186.20092239379883,177.7717465209961,68.3230223804801,0.021063181963310695,-0.025586824394059016,-0.06969777682311229,18.014641486051747
2023-12-06,192.10788966712872,192.4141533735728,189.79607806848605,190.0035552978516,41089700,186.73141632080078,178.17851196289064,64.74925402038943,-0.005687161406003449,-0.01722146184012907,-0.062235905619891674,17.531268064123456
2023-12-07,191.29779342674496,192.65128739108167,191.25826677194576,191.9300842285156,47477700,187.30545043945312,178.6540005493164,67.94974631058312,0.010139436220780063,-0.024095408531975115,-0.06917145757823162,17.675770706145904
2023-12-08,191.86091528323507,193.629363703371,191.33730018286,193.3527374267578,53406400,187.97429656982422,179.1528106689453,70.10804239894651,0.007412351242176207,-0.027816729819876262,-0.07344052609129181,17.793441165660578
2023-12-11,190.78404615931,191.15947399253525,189.11439931154692,190.8531951904297,60943700,188.3092140197754,179.59136932373048,62.184687211688086,-0.012927369271277911,-0.013329518366805182,-0.05900779316512028,17.925461061545143
2023-12-12,190.75437444051195,192.3746202178501,189.41075488796332,192.36474609375,52696900,188.79874420166016,180.01003692626952,64.7771512622653,0.007919966452812677,-0.01853771007683458,-0.06422543328942065,17.780067207228456
2023-12-13,192.740180817866,195.61513413450965,192.50308121236984,195.57562255859372,70404200,189.31840896606445,180.51956146240235,69.55228229369138,0.016691605556866884,-0.031993831903332604,-0.07698332184360368,18.069763492643347
2023-12-14,195.63490356313392,197.21562292408947,193.79730618821,195.72381591796875,66831600,189.81732635498048,181.0071859741211,69.75607507501783,0.0007577291966980315,-0.03017767426659912,-0.07519079819093477,18.017686595507353
2023-12-15,195.1507809689053,196.01029713155145,194.6271659416612,195.1903076171875,128538400,190.2055923461914,181.4594741821289,67.99171520845857,-0.002725822089044372,-0.025537719223089006,-0.0703458773270027,18.671738258122556
2023-12-18,193.7281513997374,194.2616557044012,192.04863040265064,193.5305633544922,55751900,190.51185913085936,181.82765563964844,62.68018019304333,-0.008503210446035303,-0.015598074905116777,-0.06047059188996107,17.836422066377864
2023-12-19,193.7973129513213,194.5777909959987,193.53056080250687,194.5679168701172,40714100,190.78305358886718,182.18698455810548,64.54448997849491,0.005360153443696003,-0.019452658702084902,-0.06363295918040046,17.522085052325213
2023-12-20,194.5283970820936,195.2990010280865,192.48333740234372,192.48333740234372,52242800,190.99003067016602,182.51646240234376,58.24751066455344,-0.010713891073650172,-0.007758109103523481,-0.051780456087824445,17.771412659412366
2023-12-21,193.7380078229936,194.7061996333918,191.16931844438724,192.3350982666016,46482500,191.15649948120117,182.8151513671875,57.815547378007324,-0.0007701400949436943,-0.00612784039950276,-0.049496670057683434,17.654586477149827
2023-12-22,192.8291141147171,193.0563546946672,190.6457412769504,191.2681579589844,37149600,191.33581466674804,183.07454376220704,54.67284624251929,-0.005547299048550558,0.00035372697936542075,-0.04283835994559215,17.430463588828104
2023-12-26,191.2780297879531,191.55465607108985,190.50742584564344,190.7247772216797,28919300,191.4968521118164,183.35977233886717,53.090066406605196,-0.0028409367408727126,0.00404811006406014,-0.03861587880767137,17.180019784838255
2023-12-27,190.1715235726757,191.16935301152336,188.7883770898652,190.8235626220703,48087700,191.63269653320313,183.6495425415039,53.35444863889688,0.0005179473890579711,0.004240220128031602,-0.037595043201109735,17.688537005914377
2023-12-28,191.80165040931152,192.3153914106068,190.8433325169925,191.24839782714844,34049900,191.84066162109374,183.9787905883789,54.54103514887897,0.0022263246699754102,0.0030968300946532246,-0.038011336677130525,17.343337683066583
2023-12-29,191.56452296375952,192.0585006042798,189.4206618129017,190.2110290527344,42672100,191.9681083679199,184.31314086914062,51.12132989872889,-0.005424195894972228,0.009237525941244717,-0.031007077838576036,17.56905589229277
2024-01-02,184.89581391743903,186.17028459685412,181.6750853181039,183.4040069580078,82488700,191.69148025512695,184.51885009765624,35.425357835721655,-0.03578668455044953,0.04518698056044457,0.006078619317753997,18.228171884349607
2024-01-03,182.00109375351624,183.6411028737897,181.2206007652541,182.03073120117188,58414500,191.43559799194335,184.74800506591797,33.21001750171676,-0.007487708581799812,0.05166636824843418,0.01492755562105108,17.88307472177044
2024-01-04,179.95601742530295,180.8846976415739,178.70132528842504,179.7189178466797,71983600,190.8670280456543,184.92855529785157,29.82832039169061,-0.012700126727158367,0.062030810849224016,0.028987696529623408,18.091948887149307
2024-01-05,179.79796753554595,180.5586821654936,177.99988188294327,178.99771118164062,62379700,190.31673583984374,185.0859994506836,28.841638455999558,-0.004012970218607359,0.06323558320093259,0.034013218542581214,17.948750475929494
2024-01-08,179.89677561800764,183.36450834315932,179.313885613353,183.32498168945312,59144500,189.88648071289063,185.37616424560548,41.37268586256581,0.02417500469277689,0.03579162514006118,0.011188778186417503,17.895494177034
2024-01-09,181.7047578864997,182.9199388244019,180.5290885321457,182.9100646972656,42841800,189.364347076416,185.74110717773436,40.633794361509246,-0.002263286696465583,0.03528664423050154,0.015477784041870057,17.573024842809552
2024-01-10,182.129538572139,184.15483457675245,181.70471001714745,183.94737243652344,46792900,189.0190559387207,186.10055114746095,43.35738199874535,0.005671135379973213,0.027571383244125336,0.011705406184481015,17.661242061347895
2024-01-11,184.2931687458137,184.7970355796361,181.4083411771675,183.3546142578125,49128400,188.56854934692382,186.40729278564453,42.16688527483907,-0.003222433519214807,0.028436345113082684,0.01664904120460098,17.70994785730947
2024-01-12,183.8189619436421,184.49077939116623,182.95944565085557,183.6806488037109,40477800,187.9738006591797,186.71108306884764,43.092447893901145,0.0017781638450613535,0.023372913169838805,0.016498386111294616,17.5162642583454
2024-01-16,179.96596299304443,182.04066033082452,178.75076697198392,181.4182586669922,65603000,187.25852279663087,186.90647888183594,38.48927282532886,-0.012316975965913635,0.03219226208294157,0.03025175225012955,17.999131999819177
2024-01-17,179.08663943068214,180.72663357001971,178.12832170152117,180.47964477539065,47317400,186.52298965454102,187.01206390380858,36.7359890023281,-0.005173756481283598,0.03348491120243158,0.0361947694242617,17.672388671643855
2024-01-18,183.84861706451355,186.86188405437403,183.5917540871004,186.3580322265625,78005800,186.16436309814452,187.25337188720704,51.6046554559337,0.032570916562294716,-0.0010392314519748203,0.004804406066898359,18.17229375368329
2024-01-19,187.0495950335435,189.638033320768,186.5457432137029,189.2527313232422,68903000,185.8986038208008,187.50166137695314,56.96801132719183,0.015532998830769529,-0.01772300710795327,-0.009252547818177748,18.048210290913442
2024-01-22,189.9837813694604,192.97728431537945,189.94425472083472,191.55462646484372,60133900,185.85216827392577,187.74488037109376,60.698054601262676,0.012163074876155422,-0.029769357682230324,-0.01988856215095991,17.912084317013168
2024-01-23,192.67100968439368,193.39221269336167,191.4953406920358,192.82907104492188,42355600,185.8768669128418,187.9924737548828,62.62945360404013,0.006653165228102997,-0.03605371376010247,-0.025082303533538908,17.561611225335124
2024-01-24,193.0662352402496,194.0146790217886,191.9992416391441,192.1573181152344,53631300,185.92132492065429,188.2361038208008,60.9297977696012,-0.0034836704136327334,-0.03245254073977277,-0.020406270928917225,17.797643429475237
2024-01-25,192.8686550164736,193.90601120482225,190.7840685127456,191.831298828125,54822100,185.97665100097657,188.38963287353516,60.07765232347144,-0.0016966269632983089,-0.030519773691330854,-0.0179411075023449,17.819603973533187
2024-01-26,191.93006387634745,192.41415228379137,189.6281264159501,190.1023406982422,44594000,185.94058990478516,188.5401968383789,55.63390457431471,-0.009012909470168973,-0.021892159655536036,-0.008217383616243579,17.613109901216994
2024-01-29,189.6972958396627,189.8850097627336,187.29657164460275,189.4206695556641,47145600,185.84920349121094,188.62496368408202,53.939873074680555,-0.003585811411234263,-0.01885467976029731,-0.004200734130275219,17.66875126470606
2024-01-30,188.64016451675863,189.4898065747188,185.21195883551243,185.77508544921875,55859400,185.62740631103514,188.62555603027343,45.89176818623377,-0.01924596779747967,-0.000794935111059214,0.015343664486343833,17.838348395187147
2024-01-31,184.7871565213584,184.8464465035925,182.12956937209933,182.178955078125,55467800,185.566153717041,188.52063537597655,39.61300023062421,-0.019357441620322935,0.018592699894800946,0.03481016945745474,17.831313248195315
2024-02-01,181.77391734166875,184.69825684937865,181.6059667346384,184.60934448242188,64885400,185.69508438110353,188.46471771240235,45.081674398527284,0.013340670459190074,0.0058812835380879225,0.020883954930827286,17.988133210299278
2024-02-02,177.69360884630905,185.0736348136651,177.09095561888776,183.6114654541016,102551700,185.88971176147462,188.35406646728515,43.34597663624787,-0.00540535491915628,0.0124079740975791,0.02582954719877817,18.44587762937582
2024-02-05,185.8837890630235,186.9705459545833,183.6016146657499,185.41944885253903,69668800,186.21079864501954,188.2955795288086,47.30463233352695,0.00984678921855986,0.004267889897083377,0.01551148325630547,18.05926315715533
2024-02-06,184.6093298683978,187.02981736340612,184.5204175084795,187.0199432373047,43490800,186.39554672241212,188.25586395263673,50.595624064486344,0.008631750308127017,-0.0033386627334192065,0.006608496901123528,17.588060002431344
2024-02-07,188.3437664109805,188.74883163449712,186.33821869210436,187.1285858154297,53439000,186.60647277832032,188.24479858398436,50.820152896848185,0.0005809144000601396,-0.002790129764697391,0.005964950591010432,17.794051393155655
2024-02-08,187.1088468471974,187.257034106798,185.0934247416245,186.0517425537109,40962000,186.7116912841797,188.21575286865234,48.46886057552892,-0.00575456313649958,0.0035471246945093515,0.011631228416561168,17.52815539004134
2024-02-09,186.61557552858977,187.94113632063824,185.97259122428568,186.8134307861328,45155200,186.8846321105957,188.18988800048828,50.22317441626328,0.0040939591425863675,0.00038113600378331114,0.007368084877854786,17.625616024991423
2024-02-12,186.38806813077576,186.63537211912904,184.7756412965565,185.1317596435547,41781900,186.9571876525879,188.15074127197266,46.4623166118015,-0.009001874948184718,0.009860155883289812,0.01630720538837105,17.547973813296938
2024-02-13,183.76666370675508,184.20192116931864,181.5310258479947,183.0445251464844,56529500,187.0385009765625,188.05838989257813,42.23495282242229,-0.011274318901786318,0.021819695655370452,0.0273915034720722,17.8502732014411
2024-02-14,183.32148884677065,183.52921572281525,180.4725423642709,182.16409301757807,54630500,187.1227233886719,187.92294036865235,40.55861627025791,-0.004809934239779934,0.02722067938282069,0.031613515351340826,17.81610291111513
2024-02-15,181.57058851615943,182.50045391335385,179.39431647047903,181.8772430419922,65434500,186.89868392944337,187.8175177001953,40.00154648786925,-0.0015746790206245809,0.02760895647781414,0.032660901159754285,17.996560215554354
2024-02-16,181.44196326564105,182.85654973235168,179.7108355866275,180.34393310546875,49752500,186.4532440185547,187.60259002685547,37.070549880220774,-0.0084304661258221,0.03387588818700715,0.040248966496376104,17.7225712916621
2024-02-20,179.82953567385852,180.4626331892475,178.05884601330092,179.60202026367188,53665600,185.8556137084961,187.39455932617187,35.70721624546432,-0.0041138774619216,0.03481917094052389,0.043387814073916564,17.798282776940614
2024-02-21,179.97792921674792,180.91768122956836,178.71173417109264,180.3538360595703,41371400,185.23185195922852,187.16303436279296,38.18800136755193,0.004186009682935143,0.027046920687880505,0.0377546630112906,17.538100402983837
2024-02-22,181.50132758611664,182.9653779737103,180.49233824441416,182.38172912597656,52292200,184.74307250976562,186.94361419677733,44.41788938290225,0.011243969691536959,0.012947258451300403,0.025012840335830733,17.7723577974567
2024-02-23,183.0148347964746,183.0445100670012,180.2648157032703,180.55169677734372,45119700,184.17909240722656,186.73758422851563,40.4552816513427,-0.010034077192945023,0.020090620551498573,0.0342610319458827,17.62482953835907
2024-02-26,180.27471486922383,180.78909628027105,178.7018500832812,179.20635986328125,40867400,183.63429336547853,186.47441650390624,37.786478397022826,-0.007451256000776008,0.024708573432189684,0.040556912411868984,17.52584326164173
2024-02-27,179.1470231922399,181.9366044562996,177.6236221032545,180.6605224609375,54318900,183.1962860107422,186.17611450195312,42.22319269753557,0.008114458654065793,0.01403606894999987,0.03053014552312172,17.810382809051283
2024-02-28,180.5417731107642,181.14519536218177,178.18744973320082,179.46353149414062,48953900,182.88070831298828,185.85090881347656,39.71264716850889,-0.006625636583419525,0.019041065281606873,0.03559150578480885,17.70638961733029
2024-02-29,179.31514716008485,180.6011306821249,177.593906283425,178.80075073242188,136682600,182.71179809570313,185.52311767578124,38.352837160465455,-0.0036931222527535335,0.0218737748430049,0.03759697269626949,18.733172014881045
2024-03-01,177.61370457626955,178.5831318593588,175.46710804516843,177.72251892089844,73563100,182.36745681762696,185.20695678710936,36.18227514711209,-0.00603035393926854,0.026135899518709316,0.042113053042772464,18.11365411287493
2024-03-04,174.25038035125658,174.99229230011673,171.9158301484072,173.2117156982422,81510100,181.84746932983398,184.77983276367186,28.831024894061954,-0.025381157379746222,0.04985663698774534,0.06678599665615503,18.21623750918164
2024-03-05,168.91851326517738,170.18470849670402,167.79080766540406,168.28541564941406,95132400,180.99076766967772,184.29587432861328,23.27042846257092,-0.02844091711100183,0.07549883019412973,0.09513871785867356,18.37078017401057
2024-03-06,169.21526961759642,169.39333632878757,166.86093094295472,167.2961883544922,68587700,180.00457992553712,183.7950961303711,22.338721123958933,-0.005878271097376153,0.07596342568257741,0.0986209425221245,18.043623790908224
2024-03-07,167.32586658446218,168.88882954707424,166.67299554984157,167.177490234375,71765100,179.00702514648438,183.31328277587892,22.223740482622063,-0.0007095088135880001,0.07076033319751907,0.09651893038280623,18.088908857357907
2024-03-08,167.17750030588184,171.82681238429842,167.11814976227143,168.8888397216797,76267000,178.1488800048828,182.8765640258789,27.97949341823893,0.010236721970795504,0.05482920184935369,0.08282207591247759,18.149750912533456
2024-03-11,171.07500788792643,172.49948126334272,170.1946063009313,170.88705444335938,60139500,177.35256118774413,182.4778338623047,34.11085710667166,0.01183153798067793,0.0378349709721737,0.06782713562885534,17.91217743818395
2024-03-12,171.28272310113206,172.15323790323208,169.16580172767317,171.3618621826172,59825400,176.66406631469727,182.08010314941407,35.51566028554923,0.0027784886386181817,0.030941564619726192,0.06254741183528134,17.906940894619655
2024-03-13,170.90682879160028,171.32229764254458,168.91849524765144,169.28451538085938,52488700,175.976065826416,181.66157287597656,32.273573890876634,-0.012122573688794436,0.03952842603767892,0.07311393760540397,17.77610848535129
2024-03-14,171.0453583294865,172.43025482252693,170.19463188540746,171.13438415527344,72913500,175.4245803833008,181.4161804199219,37.725287357991554,0.010927572260535534,0.02506916566886286,0.06008024813598878,18.104784378734294
2024-03-15,169.32407812222547,170.75843811035156,168.4535633292171,170.75843811035156,121752700,174.86864013671874,181.19073455810548,37.072168629977746,-0.0021967884874659616,0.024070271852164593,0.0610938853927212,18.617502504485824
2024-03-18,173.67662817447325,175.79354941833483,171.64873273149365,171.84657287597656,75604200,174.44377212524415,181.0332876586914,40.29411685000232,0.0063723630742147375,0.01511347713138278,0.05345881869488878,18.14102240838894
2024-03-19,172.45988088096897,174.70540499850514,171.1640105835326,174.18112182617188,55215200,174.17272720336913,180.93695587158203,46.61008592647098,0.013585077148324576,-4.819479123063797e-05,0.03878625866327989,17.826748853771875
2024-03-20,173.82501083363408,176.74319458007812,173.20180001631465,176.74319458007812,53423100,173.99219512939453,180.80532012939454,52.54334301685144,0.01470924476226032,-0.015564952626434425,0.022983207692763408,17.79375381338098
2024-03-21,175.14064960882752,175.5759069490651,168.99761322817335,169.5218963623047,106181300,173.34920349121094,180.53755676269532,39.29002187826645,-0.04085757437467641,0.02257706650901592,0.06498075255628222,18.480658577823036
2024-03-22,169.90770741812418,171.18380430580046,168.22604350725263,170.42210388183594,71160100,172.84272384643555,180.26705139160157,41.27847955555576,0.00531027282521257,0.014203673757472002,0.057768020025100286,18.080442840097607
2024-03-25,168.7305586050563,170.08577952012527,167.6226265638577,169.00753784179688,54288300,172.33278274536133,179.98010986328126,39.11069043255525,-0.008300367193095237,0.019675127784401614,0.06492356590482662,17.809819310494166
2024-03-26,168.16670300567833,169.57138777241732,167.7512341389727,167.8798370361328,57388400,171.6937484741211,179.66409362792967,37.42339224976704,-0.006672488221913908,0.022718103051097227,0.07019459155932184,17.86535276769953
2024-03-27,168.5722893771007,171.72789059246503,168.27552158079686,171.44100952148438,60273300,171.2926223754883,179.46454864501953,45.42976783589167,0.021212627723632416,-0.0008655288860597299,0.046800582578987227,17.914399794160158
2024-03-28,169.89781453968297,170.37263389978352,168.67118150733492,169.63072204589844,65672700,170.8341209411621,179.24757019042968,42.45603085303756,-0.01055924414256948,0.007094227276460252,0.056692844483260174,18.00019388721323
2024-04-01,169.3438900607447,169.40324060587884,167.6523240532299,168.19639587402344,46240500,170.35781478881836,178.8843374633789,40.21016921529107,-0.008455580183682199,0.012850566170358402,0.0635444150501332,17.649366617044787
2024-04-02,167.25661278755086,167.51380346702695,166.41577330219988,167.01919555664062,49329500,170.04818878173828,178.43966674804688,38.41410659370452,-0.006998962797422403,0.018135599414202952,0.06837819541247447,17.71403285761041
2024-04-03,166.9697540235435,168.83937157047524,166.7620271262386,167.8204803466797,47691700,170.02494201660156,177.9649838256836,40.366629521136026,0.004797561066969269,0.01313583220217196,0.06044854274071687,17.68026795749322
2024-04-04,168.45358430225178,170.0660111961713,166.99945068359375,166.99945068359375,53704400,170.01010513305664,177.44839141845702,39.002171082252744,-0.00489230909952032,0.01802793025449545,0.06256871320289781,17.799005511428202
2024-04-05,167.76110742740823,168.55248310289795,167.12800990586356,167.751220703125,42104800,170.03879165649414,176.96026947021485,40.9697110772065,0.004501631690726926,0.013636687374201095,0.05489705963682634,17.55567233015552
2024-04-08,167.20715459942008,167.37531948329715,166.425680716199,166.63340759277344,37425500,169.92602005004883,176.4563116455078,38.95751931573617,-0.006663516996575525,0.019759617863196022,0.058949187888781784,17.43786287495391
2024-04-09,166.88071513080217,168.2458378687617,166.53449863101693,167.8402557373047,42373800,169.7736801147461,176.01106994628907,42.25504813914253,0.0072425341470576665,0.011519431789162038,0.048682088650847444,17.562040828279326
2024-04-10,166.9796618833238,167.26652787853376,165.30788444762385,165.9706573486328,49709300,169.50411987304688,175.54206970214844,38.76171656761258,-0.011139153598515028,0.021289682048988734,0.05766930436028961,17.72170261641496
2024-04-11,166.52458559261677,173.56781241373886,166.34653399230652,173.15232849121094,91070300,169.69751052856446,175.28961456298828,54.36781509292904,0.04327072783409247,-0.019952477640644783,0.01234338625648812,18.327142304688422
2024-04-12,172.38075949507746,176.43655077441642,172.33131077483722,174.6460723876953,101670900,169.87309494018555,175.13895690917968,56.83197468333031,0.00862676182007105,-0.027329429069061884,0.002822190701146754,18.437251694216602
2024-04-15,173.46888692512982,174.72519524382946,170.6397290741028,170.8276824951172,73531800,169.87655715942384,174.86332366943358,49.47687385856023,-0.021863588687535573,-0.00556774711101371,0.023624046848681912,18.1132285372765
2024-04-16,169.8978273072319,171.88614579113815,166.45536027289515,167.5533905029297,73711200,169.6618980407715,174.54216217041017,44.194969421131326,-0.01916722128616999,0.012584093532890472,0.04171071469519605,18.115665326615694
2024-04-17,167.78091646807815,168.80969440593617,166.1882781982422,166.1882781982422,50901200,169.262255859375,174.15753875732423,42.173515921420794,-0.008147327252465475,0.01849695835626819,0.04795320491602717,17.745397076527258
2024-04-18,166.21793076697907,166.8213530127437,164.7538955996717,165.2386016845703,43122900,168.6870262145996,173.72191192626954,40.776215365216245,-0.005714461476874044,0.020869364027977566,0.05133976053545464,17.579564759667488
2024-04-19,164.41760010663418,164.60553846988037,162.3105651694999,163.22064208984375,68149400,168.37196350097656,173.2437530517578,37.90252717721841,-0.012212398157294468,0.03156047755465452,0.06140835395315314,18.037212926633117
2024-04-22,163.7350029833429,165.45622881020677,162.9930911354229,164.05154418945312,48116400,168.0534355163574,172.80374908447266,39.78428886314878,0.00509066799989677,0.024394109465271097,0.05335033533675326,17.689133654087478
2024-04-23,163.56687071664174,165.24853488832454,163.14149999003314,165.1001434326172,49537800,167.85806579589843,172.36948333740236,42.166153836881534,0.006391888892878006,0.01670454250336162,0.04402988243164074,17.718246592667263
2024-04-24,164.74402954196006,167.47427542099652,164.4176015378687,167.19729614257812,48251800,167.8239387512207,172.01079406738282,46.706478761338865,0.012702307014147873,0.003747923101030448,0.028789328750268517,17.691943711477524
2024-04-25,167.7017887376114,168.7701438382538,166.33666581552853,168.0579071044922,50558300,167.6547836303711,171.71106170654298,48.493494769470395,0.0051472779869607965,-0.002398717686460494,0.02173747528451253,17.73863770359902
2024-04-26,168.04800546826704,169.49225225997063,167.35554224826544,167.47425842285156,44838400,167.54696044921874,171.41726501464845,47.33429246629781,-0.0034729022376658314,0.0004341086627392965,0.023543956121550913,17.61857549540751
2024-04-29,171.5003643815301,174.13168243053624,171.2332869429431,171.62896728515625,68169400,167.71858901977538,171.21229949951172,55.49072174233021,0.024808044540281404,-0.022783906045905966,-0.0024277241320939114,18.037506356443973
2024-04-30,171.46081207960546,173.1029142716877,168.1667209693098,168.4931640625,65934800,167.79228744506835,170.97528411865235,49.28642757320605,-0.01827082730997387,-0.00415967390327876,0.014731280464480134,18.004176948095473
2024-05-01,167.75123767315736,170.84748833564953,167.28630498280754,167.47425842285156,50383100,167.77497634887695,170.73272888183592,47.430752763714814,-0.006047163072268602,0.001795606852404097,0.01945654508143657,17.735166379197736
2024-05-02,170.64963546996492,171.54982559320527,169.04711048582428,171.16403198242188,94214900,167.98320541381835,170.54893280029296,54.16139296705394,0.02203188474645512,-0.018583498716191582,-0.0035936240517638884,18.361088911750084
2024-05-03,184.6371297001228,184.9833612803204,180.6901681758964,181.40240478515625,163224100,168.66576461791993,170.52934631347657,66.84598818995033,0.05981614644241273,-0.0702120800566064,-0.05993888826643279,18.91063466728708
2024-05-06,180.383540128798,182.2135806366563,178.47434543693257,179.7504425048828,78569700,169.32161636352538,170.51332122802734,63.77923801512074,-0.009106617314307064,-0.05801836143504424,-0.05138858713298888,18.179496699621026
2024-05-07,181.47167851231157,182.90603874350563,179.36465862288415,180.43299865722656,77305800,169.95125350952148,170.53785400390626,64.50385283062528,0.0037972432380810606,-0.05809217396878463,-0.05484110294103339,18.163279556020033
2024-05-08,180.87814724687024,181.09577596912635,179.4932358239461,180.7693328857422,45057100,170.69118728637696,170.54003021240234,64.87672672181681,0.0018640394551916462,-0.05575141224720492,-0.05658759984363837,17.623441154458394
2024-05-09,180.59124108896245,182.6686003878229,180.14609698041687,182.5795745849609,48983000,171.16254959106445,170.60235107421875,66.89256844193483,0.01001409735999248,-0.06253177563727808,-0.0656000187204332,17.706983877517455
2024-05-10,183.1540861312051,183.3422944852732,180.4102525825865,181.32156372070312,50759500,171.49632415771484,170.65276733398437,64.13766062039105,-0.006890205912230218,-0.0541868234609012,-0.058839093198822856,17.742609370186884
2024-05-13,183.68902280376187,185.3333522177452,182.8767582325011,184.5210876464844,72044800,172.1809944152832,170.78873870849608,67.77292306646353,0.01764557871732042,-0.066876330443288,-0.07442156944304112,18.09279871958282
2024-05-14,185.7394637127145,186.52201273815805,184.5309821431948,185.66021728515625,52393600,173.08633575439453,171.03770874023436,68.97860018256476,0.006173438782532292,-0.06772523330320923,-0.07875951433614403,17.77429502351361
2024-05-15,186.13569714479723,188.8498155126645,185.60078753373725,187.92860412597656,70400000,174.17335205078126,171.43057250976562,71.28260702344326,0.012217947786500094,-0.07319403099474187,-0.08778882646918185,18.069703835332817
2024-05-16,188.67151097089564,189.29556710780693,187.86916171755817,188.0474548339844,52845200,175.31379470825195,171.84559783935546,71.40245218501877,0.0006324247900451052,-0.06771514210056295,-0.086158342365934,17.782877461994847
2024-05-17,187.72056236134895,189.0082902438942,187.3936765447615,188.07716369628903,41282900,176.5566207885742,172.26359130859376,71.43454335833793,0.000157985984606146,-0.06125434200144808,-0.08408023641419515,17.53595895283112
2024-05-20,187.54228461702792,190.10782534306236,187.2252989090168,189.2361297607422,44361300,177.81585006713868,172.670537109375,72.7206025472097,0.006162183870045412,-0.0603493619746005,-0.08753926997086459,17.60787804824
2024-05-21,189.28565540299903,190.9101693246029,189.11726241831752,190.5337677001953,42309400,179.08753128051757,173.06347137451172,74.12523806814627,0.006857242013424081,-0.06007458183311831,-0.09169133921275874,17.560519865186436
2024-05-22,190.45454757387583,190.9993573729038,188.47343202447388,189.09747314453125,34648500,180.18254013061522,173.41818359375,69.83876511274494,-0.007538267746450389,-0.04714464379490757,-0.08291644139949572,17.360765021481132
2024-05-23,189.1766947549615,189.19651013997455,184.8677780692908,185.11541748046875,51005900,181.03541564941406,173.7348016357422,59.55603859800516,-0.021058217213822505,-0.022040313478941642,-0.06147848731144878,17.747451889877542
2024-05-24,187.03710655742805,188.780482615826,186.26445766907557,188.18614196777344,36327000,182.07100982666014,174.07583679199217,63.96245143064963,0.016588161748486874,-0.032495124652486385,-0.07498057523384283,17.40807185193235
2024-05-28,189.70171236146703,191.17764887438423,187.31447963213384,188.19607543945312,52280100,182.899365234375,174.42458953857422,63.97612452522834,5.2785351651429835e-05,-0.028144636877840634,-0.07317626506674679,17.772126378623554
2024-05-29,187.8196378873868,190.43470949642943,187.72057607583483,188.4932098388672,53068000,183.89936752319335,174.75752227783204,64.41109795162188,0.0015788554502011998,-0.024371394171709748,-0.07287099398846808,17.78708468686269
2024-05-30,188.9587855239753,190.3653756748288,188.8300232981759,189.48377990722656,49889100,184.9998435974121,175.06357543945313,65.88977661935269,0.00525520292856263,-0.023663958529905993,-0.0761025797291659,17.72531312003165
2024-05-31,189.6323583658605,190.7516933437122,188.1168063750808,190.4347076416016,75158300,185.9633773803711,175.3374057006836,67.29461225919209,0.0050185178638542105,-0.023479597372793704,-0.07927810076160657,18.135107127144938
2024-06-03,191.0785411330533,193.14881785405225,190.7021395503604,192.1978759765625,50080500,186.5031509399414,175.79092529296875,69.77985304279026,0.00925865015257199,-0.0296294899602092,-0.08536489074205211,17.729142288699688
2024-06-04,192.80213237542048,193.4757194090645,191.2073340206378,192.51487731933597,47471400,187.14137268066406,176.23278076171874,70.21803503496898,0.001649348834698472,-0.02791215262682556,-0.0845757833593771,17.67563800346886
2024-06-05,193.554944542032,195.0407809078553,193.02995023528447,194.0205078125,54156800,187.82074813842775,176.7330401611328,72.2743149015934,0.007820852674500278,-0.03195414620841863,-0.08910123907145773,17.807394119092677
2024-06-06,193.8422276391208,194.64457691185424,192.33657578915964,192.6436462402344,41181800,188.41446380615236,177.22831634521484,67.67281241319064,-0.00709647442834338,-0.02195339694104459,-0.08001992381205258,17.533506993430308
2024-06-07,192.8120444256859,195.08042995429523,192.3068654552658,195.0308990478516,53103900,189.0370300292969,177.70011413574218,71.10754506885796,0.012392066150160863,-0.03073292000302008,-0.0888617393280704,17.78776094867381
2024-06-10,195.04078477848907,195.4370168860641,190.3356361933404,191.2964782714844,97010200,189.53577575683593,178.1334292602539,60.312132986222295,-0.019147841673287536,-0.009204050856334689,-0.06880967768026414,18.390326695886664
2024-06-11,191.82148694435384,205.2039307530545,191.80168667352527,205.1940155029297,172373300,190.5694221496582,178.87338165283202,75.32535123445398,0.07264920586631063,-0.07127202670812138,-0.1282719371010207,18.96517303761147
2024-06-12,205.4119153142898,218.1207705568888,204.9463520543296,211.05810546875,198134300,191.83931655883788,179.7541598510742,78.94466088960422,0.02857826994343604,-0.09105923161410034,-0.14831908752403145,19.104455646604343
2024-06-13,212.71235034689784,214.70336573665497,209.60200000148347,212.21707153320312,97862700,193.05373992919922,180.64209167480467,79.58210271371212,0.005491217984161745,-0.09030061279026569,-0.14878623868607233,18.399076044098358
2024-06-14,211.8307711431916,213.13829945342,209.30484597389383,210.48361206054688,70122700,194.17554779052733,181.51177490234375,75.881748483647,-0.00816833188834687,-0.07747902133743523,-0.1376441466135102,18.06575713695599
2024-06-17,211.35527186274084,216.88258512602053,210.71141546378877,214.6241149902344,93728300,195.5028953552246,182.44923278808594,78.45826354799566,0.019671379111911413,-0.0890916644473051,-0.14991270763591713,18.355910740024722
2024-06-18,215.5354294813442,216.5656178731208,210.9887736209857,212.2665863037109,79943300,196.65441818237304,183.3618963623047,73.63480469088933,-0.010984453851473175,-0.07354981484933287,-0.13617164361445666,18.196828203865003
2024-06-20,211.90998899500863,212.2170745602359,206.8779694770392,207.7001190185547,86172500,197.51273574829102,184.15909362792968,65.26512037356972,-0.021512887942817915,-0.04904851917467412,-0.11334141502596828,18.271861670817042
2024-06-21,208.4034185679189,209.88925500861836,205.1543907600995,205.5308074951172,241805100,198.33440246582032,184.95029663085938,61.67849542082718,-0.0104444404446572,-0.035013753495168,-0.10013345986949784,19.303642591869515
2024-06-24,205.75863496180304,210.6916077953884,204.63929998769703,206.17466735839844,80727000,199.3873649597168,185.61074340820312,62.340009574441474,0.0031326683874219885,-0.03292015690212369,-0.09974030376122078,18.206583662161417
2024-06-25,207.1751328027417,209.3840873125504,206.64023830581655,207.0959014892578,55549700,200.332852935791,186.25973999023438,63.315761565949316,0.004468221739666767,-0.032656602592483486,-0.10061117264604202,17.832788691497175
2024-06-26,209.5029437835443,212.8312181049777,208.6510635966682,211.2364196777344,66213200,201.48487014770507,187.0679147338867,67.40363778184809,0.019993240613172425,-0.046164148894903834,-0.11441447919217507,18.008390411903665
2024-06-27,212.6628556479076,213.70294435668097,210.3449540327298,212.07843017578125,49772700,202.66413116455078,187.95841552734376,68.18017715233404,0.003986104760397957,-0.04439064832490236,-0.11373157858838168,17.722977219002537
2024-06-28,213.73263728250333,214.02980761283357,208.3142855019514,208.6312561035156,82542700,203.62150497436522,188.80727508544922,61.69968913690717,-0.016254241741644693,-0.02401246688878056,-0.0950192286060455,18.228826305281295
2024-07-01,210.0873668962765,215.4561875080808,209.91897391071572,214.703369140625,60402900,204.8349380493164,189.7965704345703,67.55053256695984,0.0291045222586237,-0.045963093782869446,-0.1160056258350628,17.916547691552974
2024-07-02,214.1090169642201,218.29908645117231,213.0689435868198,218.19012451171875,58046200,206.13455047607422,190.89596008300782,70.35136540385565,0.01623987264405713,-0.0552526108256427,-0.12509349123747804,17.87674982038353
2024-07-03,217.92267103394252,219.45803833007807,216.96182895702523,219.45803833007807,37369800,207.48170852661133,192.0040899658203,71.32075913571309,0.005811050436846044,-0.05457229953661402,-0.12509885066486093,17.43637347632038
2024-07-05,219.55707203955853,224.31175124030364,219.55707203955853,224.20278930664065,60412400,208.99082260131837,193.1861428833008,74.65974691703211,0.021620310710269708,-0.06784914118315,-0.13834192928313038,17.916704956400427
2024-07-08,224.94572057418637,225.69855401964364,221.1419830377085,225.66883850097656,59085900,210.64208221435547,194.35557373046876,75.60483176194998,0.0065389427083835105,-0.06658764402935524,-0.13875759266768373,17.894502892156215
2024-07-09,225.77780318070188,227.2339241693749,224.232535628978,226.52072143554688,48076100,212.21657333374023,195.52483001708984,76.16119745877663,0.0037749249751495295,-0.06314719470764485,-0.1368346843592252,17.688295750892944
2024-07-10,227.134845857346,230.87915213144032,227.08531495764143,230.78009033203125,62627700,214.19075393676758,196.79094665527344,78.76847753365217,0.018803440451236275,-0.07188374166677902,-0.14727935857836116,17.95271824617976
2024-07-11,229.2051258414663,230.19568345608252,223.63819688403007,225.42120361328125,64710600,215.20211334228514,197.86679138183592,68.60233586249474,-0.023220749723427137,-0.04533331428984533,-0.12223522805208675,17.98543559458111
2024-07-12,226.7584454352943,230.44332094014865,226.5207061684713,228.36314392089844,53046500,216.06736526489257,199.0641909790039,70.82825830855366,0.013050858838746127,-0.0538430958905739,-0.12829983174536796,17.786679464204358
2024-07-15,234.24706826366577,234.9899864993383,230.8890784430144,232.18670654296875,62631300,217.06584701538085,200.35843994140626,73.46159583166158,0.016743343765641683,-0.06512370907328247,-0.13708048611160395,17.952775727078436
2024-07-16,232.781045805997,234.03905824310996,230.1362587163494,232.60275268554688,43234300,218.17180404663085,201.58721435546875,73.73937976502822,0.0017918603040314451,-0.06204117738204529,-0.1333412350971087,17.58214474278905
2024-07-17,227.28346685481677,229.27449755440023,224.5000020674329,226.71885681152344,57345900,218.77654113769532,202.49354339599608,63.60027773237851,-0.02529589958025047,-0.03503156193324819,-0.1068517800249249,17.864611925576416
2024-07-18,228.10560948409145,228.26410233218343,220.17124832102243,222.06320190429688,66034600,219.2663719177246,203.33979858398436,56.93003071115754,-0.02053492582267613,-0.012594747633052794,-0.08431565049837386,18.005689420191466
2024-07-19,222.697149576551,224.65844923997824,221.17168252689004,222.19195556640625,49151500,219.9909637451172,204.17497772216797,57.06414237171689,0.0005798063839719259,-0.00990581236696142,-0.0810874444050409,17.710417943256957
2024-07-22,224.86647978572935,225.62921338494564,220.98349573063444,221.8452911376953,48201800,220.8066879272461,204.99649688720703,56.55353613274097,-0.0015602024286938132,-0.004681655423574349,-0.07594839702966938,17.690906943467997
2024-07-23,222.25138924131517,224.7971293607533,220.57734458918785,222.8853454589844,39960300,221.6422218322754,205.8026123046875,57.77429846799922,0.004688196517290688,-0.005577413015418586,-0.07664359053808001,17.50339704424879
2024-07-24,221.8849069457516,222.67735606492835,215.0797809310421,216.47645568847656,61777600,222.11124954223632,206.50571014404298,48.69464359788384,-0.02875419986590011,0.026029592159752424,-0.04605926086845269,17.939051413363753
2024-07-25,216.86276105080304,218.7646448818125,212.59346035218636,215.43637084960935,51391200,222.32124710083008,207.12401580810547,47.392920009352046,-0.004804609515429048,0.031957817633434304,-0.03858380555113661,17.754977529000836
2024-07-26,216.6349499920164,217.417498981548,213.9703475571551,215.9019470214844,41601300,222.51242294311524,207.72885040283202,48.06223036069267,0.0021610843611921116,0.030617954181640705,-0.03785559477997236,17.54364199878093
2024-07-29,214.91140862229943,217.2293100492215,213.71282713597697,216.1793212890625,36311800,222.88982620239258,208.29386474609376,48.48275945180132,0.001284723326513193,0.031041382095733372,-0.03647646081941747,17.407653342821423
2024-07-30,217.1203256536185,218.24956072806748,214.07930652606245,216.7340087890625,41643800,222.99135818481446,208.8675958251953,49.365685995251035,0.0025658675246662543,0.028871100713326214,-0.03629524045542487,17.544663079965805
2024-07-31,219.34907597117163,221.70660788092644,218.5467267386139,219.9830322265625,50036300,223.08100357055665,209.50571319580078,54.3056484462682,0.01499083349056729,0.0140827740787004,-0.04762785076974041,17.728259319967393
2024-08-01,222.25141811315143,222.36038006072013,214.9708283555684,216.2981719970703,62501000,222.92301025390626,210.04695404052734,48.52356593482781,-0.016750656594719193,0.030628267431338507,-0.028900928282591498,17.950693130578376
2024-08-02,217.0807092384795,223.4698183577824,215.6543188775265,217.7840118408203,105568600,222.60207138061523,210.59195892333983,50.79842226911418,0.006869405460209421,0.022123109493071835,-0.03302378745202472,18.474871546007275
2024-08-05,197.210135996183,211.48407659683,194.14931622004067,207.2940216064453,119548600,221.68333053588867,210.9558898925781,38.022903050775625,-0.04816694368750174,0.06941497307993738,0.0176650935601268,18.59923354958349
2024-08-06,203.3614702980554,208.00718767754023,199.1714160471065,205.2732391357422,69660500,220.62095642089844,211.3590463256836,36.13745296124295,-0.009748387604441633,0.07476725826403108,0.029647348166591758,18.059144014952064
2024-08-07,204.9463646139573,211.62272838414276,204.441185671316,207.83880615234372,63516400,219.47389221191406,211.752099609375,40.19230764778002,0.012498302396373173,0.05598129759772563,0.018828502383538837,17.966808713978054
2024-08-08,211.097744151489,212.17744837655164,206.8581585633277,211.2958526611328,47161100,218.76762466430665,212.2140951538086,45.237937613310265,0.016633306227977096,0.03536165953600956,0.004345766758367953,17.66907997941691
2024-08-09,210.09728825409005,214.7330909034816,209.9685109200368,214.1981964111328,42201600,218.05937728881835,212.7281948852539,49.11893087976279,0.013735923887983947,0.01802620630042262,-0.006862810007313813,17.557968716675223
2024-08-12,214.27753840147545,217.68898821235916,213.81143620679725,215.7254180908203,38028100,217.23631286621094,213.25302764892578,51.08345247136806,0.00712994649476939,0.007003786520671129,-0.011460821185446335,17.453835944395262
2024-08-13,217.19312608520667,220.04923895369575,217.19312608520667,219.43438720703125,44155300,216.57789459228516,213.8330212402344,55.57000411528625,0.01719300928483758,-0.013017524970008743,-0.025526381886135763,17.603223545756833
2024-08-14,218.7402072098891,221.17979111862687,217.8774142480331,219.8806610107422,41960600,216.2359848022461,214.38667694091797,56.09184122548147,0.0020337459838957184,-0.016575701527102638,-0.02498620863048895,17.552241664554714
2024-08-15,222.7367590108339,223.48053712623224,220.9120118672479,222.8557586669922,46414000,216.27561264038087,214.9934945678711,59.506363732250534,0.01353051078968992,-0.029526479665458738,-0.03527960931388574,17.653111717370063
2024-08-16,222.06237857544767,224.94824111633488,221.79461423345728,224.1747131347656,44340200,216.37475051879883,215.59657867431642,60.95597834936466,0.005918422192285666,-0.03479412332860987,-0.03826539728989109,17.607402295295074
2024-08-19,223.84747960195196,224.115243980586,221.1897044016044,224.0160675048828,40687800,216.4832893371582,216.22402709960937,60.674622558135084,-0.0007076874446022563,-0.033626061967900744,-0.03478339965548949,17.52143887575516
2024-08-20,223.8970689622142,225.28544883578485,223.5797163441377,224.63092041015625,30299000,216.5705680847168,216.81602752685546,61.417903798403266,0.002744682165532808,-0.035882648349220836,-0.03478992504251632,17.226625299639036
2024-08-21,224.6408348597364,226.08871448701356,223.1830285060583,224.52182006835935,34765500,216.97283630371095,217.48053436279298,61.19687488840255,-0.00048568710664453896,-0.033622494964409166,-0.03136125345600049,17.36413610245701
2024-08-22,225.90027790842765,226.44571820828537,222.04254943445835,222.66732788085935,43695300,217.33438415527343,217.83000061035156,57.414543404079296,-0.008259741467156134,-0.023950274952054817,-0.02172445915862453,17.592751125680085
2024-08-23,223.7879871535285,226.3267476403601,222.4690186706249,224.95819091796875,38677300,217.78719635009764,218.10800231933592,60.64998831048338,0.01028827650159414,-0.03187701029515311,-0.030450940997879705,17.47076344845192
2024-08-26,224.87883517993083,225.39452559231563,222.0326490158817,225.29534912109372,30602200,218.2429977416992,218.36956787109375,61.118195845181134,0.0014987593994650883,-0.031302694027669165,-0.030740897568539927,17.236582492440483
2024-08-27,224.1251322421701,226.95149505120295,223.0243400581704,226.13829040527344,35934600,218.71321182250978,218.6826614379883,62.32515691448851,0.0037414943871152406,-0.032834238595581544,-0.0329693346222949,17.39721120544193
2024-08-28,226.02922904592305,227.95313769677003,223.80780609600177,224.6110992431641,38052200,218.94461517333986,218.88240112304686,58.765948922190056,-0.006753350612903275,-0.025227978888477387,-0.025504964533900165,17.45446948553988
2024-08-29,228.191123238114,230.98772097763543,226.98124300552124,227.88368225097656,51906300,219.52389068603514,219.19474304199218,63.5672983819373,0.014569996847170863,-0.036684467630001105,-0.03812883451398219,17.764950747317997
2024-08-30,228.28039594132483,228.4886453526855,225.59287085733376,227.1002655029297,52990800,219.9897033691406,219.58274597167969,61.7146937135633,-0.0034377922118358217,-0.031310232588421805,-0.033102204942834,17.785628890414333
2024-09-03,226.65400042223428,227.1002642906876,219.335218503661,220.9219512939453,50190600,220.6710998535156,219.89056884765625,49.469891361039785,-0.02720522671033454,-0.0011354753973539244,-0.004668537645300619,17.731338336056336
2024-09-04,219.82114598403248,219.94014563997789,215.67581475954933,219.0178680419922,43840200,221.35833129882812,220.14743286132813,46.413505397767594,-0.008618805151778042,0.010686174958050465,0.005157409436199023,17.59606178544754
2024-09-05,219.79139340374425,223.60944526365165,219.6823053430495,220.53517150878903,36615400,221.9931495666504,220.41621826171874,49.111600374437714,0.00692776110169202,0.006611090865400904,-0.0005393844721296448,17.415979502213048
2024-09-06,222.09216799264016,223.3714749735505,217.94685141211724,218.98814392089844,48423000,222.37776412963868,220.57125274658202,46.538680607776335,-0.0070148792018371875,0.015478555816083928,0.007229198792859881,17.69548548607487
2024-09-09,218.9881275735273,219.4343914347755,214.9122227273444,219.07737731933597,67180000,222.62172317504883,220.71123168945311,46.71209488994067,0.0004074805002673987,0.016178511442313193,0.007457887209118663,18.022886157033803
2024-09-10,217.10389659918584,219.64265710486697,214.9320618304677,218.28402709960935,51591000,222.7496536254883,220.904287109375,45.30503099858589,-0.0036213242528013723,0.020457871266233996,0.012003901726487465,17.75885781601767
2024-09-11,219.62280899168329,221.23927647566492,216.0824178921796,220.81285095214844,44587100,222.81857681274414,221.02647674560546,50.43053975586671,0.011585015569577584,0.009083374685608048,0.0009674518151270295,17.61295515991286
2024-09-12,220.6541869199912,221.69547936785247,217.9964268983011,220.9219512939453,37455600,222.8706413269043,221.08111328125,50.645426299122605,0.0004940851102026578,0.008820717097352437,0.0007204444210837657,17.43866681615716
2024-09-13,221.72520177663733,222.18137718301287,220.0690577657977,220.65415954589844,36766600,222.76056137084962,221.1050357055664,50.07164988240873,-0.0012121554534459955,0.009546168670856225,0.0020433612518153677,17.42010040951595
2024-09-16,214.74362792854853,215.4179946756504,212.14536768072225,214.5254669189453,59357400,222.2780990600586,220.9114892578125,39.14210703602069,-0.027775105801612132,0.036138516570820345,0.029768131637629924,17.899087372172144
2024-09-17,213.96019610771708,215.10064996456288,212.72056577105596,214.99156188964844,45519300,221.82687377929688,220.69794372558593,40.21097201453429,0.0021726789709271,0.03179339612015508,0.026542352573197592,17.633646991776924
2024-09-18,215.7452565018275,220.86245391858552,215.7353297749969,218.8592071533203,59894900,221.53828811645508,220.5447134399414,48.32188109513276,0.01798975378232326,0.012241116094594773,0.007701326841782485,17.90810193425364
2024-09-19,223.12352684243388,227.913459803403,222.7665127356472,226.9713287353516,66781300,221.6607635498047,220.4685382080078,60.44302512892572,0.03706548007527233,-0.023397515515005907,-0.02865027298195022,18.016933674170815
2024-09-20,228.06222073119503,231.15633305592988,225.7317097608303,226.3069000244141,318679900,221.8427421569824,220.48625213623046,59.21787763430887,-0.0029273684682535883,-0.019726123538213347,-0.025720152092382986,19.579697711819932
2024-09-23,225.4539947207776,227.5464908680899,223.9366887373741,224.5912170410156,54146000,221.82439346313475,220.4108135986328,56.05811808862589,-0.007581222592918713,-0.012319375683224276,-0.018613387902962186,17.807194678268687
2024-09-24,226.75314473243893,227.4473497336745,223.85737047004787,225.4837646484375,43556100,221.83381423950195,220.2767547607422,57.333576966336494,0.003974098449535113,-0.016187198287319515,-0.023092615540696748,17.58956034329929
2024-09-25,223.064024182576,225.4044467600896,222.1615848378298,224.49208068847656,42308700,221.75150375366212,220.11454132080078,55.40917379118848,-0.004398028219491201,-0.012207900280533646,-0.019499749631482155,17.560503320263223
2024-09-26,225.41436171300208,226.6044036950252,223.54004142995944,225.63253784179688,36636700,221.80257568359374,220.09281494140626,57.18882361933468,0.005080166524461527,-0.01697433444146479,-0.024551968228424648,17.416561055506914
2024-09-27,226.56475422029095,227.6159582791164,225.41437368594384,225.9002990722656,34026000,221.7034065246582,220.16955688476563,57.616523393016514,0.0011867137294554464,-0.01857851700437463,-0.025368457726860805,17.34263552561351
2024-09-30,228.13164162372897,231.0670928955078,227.7448775670891,231.0670928955078,54541900,221.9017478942871,220.34705963134766,64.90289440394972,0.02287200966294134,-0.039665297582488046,-0.04639359559956002,17.814479789926473
2024-10-01,227.6159583693189,227.74486962890148,221.88390914906276,224.3334197998047,63285000,222.07232131958008,220.39682220458985,52.286860455080436,-0.029141635926272724,-0.010079186963058873,-0.017547976573119906,17.963158908010218
2024-10-02,224.0160654907427,225.4837834982784,221.1698792236784,224.898681640625,32880600,222.36636199951172,220.43708892822266,53.110834647552664,0.0025197397753966566,-0.01125982430239314,-0.01983823417663111,17.30839340657401
2024-10-03,223.27228007150777,224.928424248049,221.4673863197881,223.79788208007807,34044200,222.52949752807618,220.5835174560547,51.25452224094993,-0.004894646569364669,-0.005667544930331614,-0.014362801801999336,17.343170267685633
2024-10-04,226.009398951906,226.10857543260985,222.27068471823085,224.9185333251953,37245100,222.826016998291,220.7731607055664,53.05346920328456,0.0050074256051997335,-0.009303441099177356,-0.018430551535010165,17.43303097736223
2024-10-07,222.63759275105315,223.81772316941647,219.4938922550209,219.8509063720703,39505400,222.86469345092775,220.85213989257812,44.97113634182955,-0.022530944329954505,0.013708322283452201,0.004554147795112318,17.4919479547013
2024-10-08,222.43922748770444,224.1052830735332,221.39793518045985,223.89703369140625,31855700,223.14534378051758,221.006494140625,51.344574937322534,0.0184039601478303,-0.0033573017850907494,-0.01291012883522713,17.276726919255125
2024-10-09,223.3615300750172,227.84403724277385,222.9648544526125,227.63577270507807,33591100,223.48648986816406,221.2245294189453,56.372760366686435,0.01669847497320953,-0.01822772751227364,-0.028164480520551094,17.329771738663688
2024-10-10,225.89038125247492,227.59611368544336,225.285441085757,227.13992309570312,28183500,223.79738845825196,221.36766723632812,55.55279513358728,-0.0021782587309656654,-0.014715751383092668,-0.025412775441254865,17.154247293765575
2024-10-11,227.3977748208096,227.5068628874906,225.4540279414576,225.66229248046875,31759200,224.04779510498048,221.5549496459961,53.07526526246642,-0.0065053760479252265,-0.007154484507543524,-0.0182012811680895,17.273693036596026
2024-10-14,226.8027579765277,229.80762063057296,226.70359663127624,229.38119506835935,39882100,224.79058151245118,221.78689331054687,58.13572697657123,0.016479946857814065,-0.020013033564238225,-0.03310777832310641,17.501438184719355
2024-10-15,231.67201972311165,235.51983687729248,230.44230106244424,231.9100341796875,64751400,225.63650512695312,222.2792135620117,61.19989318456118,0.011024613899036195,-0.027051563658834765,-0.04152826181817426,17.98606589537548
2024-10-16,229.6787087516564,230.19438406287304,227.9332995992129,229.85720825195312,34082200,226.18640518188477,222.77089294433594,57.51945812790126,-0.008851820211210892,-0.015969928017418034,-0.030829206364716977,17.34428584117331
2024-10-17,231.49350124327563,231.91003031839952,228.60765355789445,230.22412109375,32993800,226.3490447998047,223.21859924316405,58.005569368058886,0.001596264239817513,-0.01683175627095712,-0.030429139298280616,17.31183025330017
2024-10-18,234.2206950473064,234.2206950473064,232.0686987091599,233.0504913330078,46431500,226.68622436523438,223.65369201660155,61.64641604938306,0.012276603449848267,-0.027308532719115708,-0.040320873226476484,17.65348868770961
2024-10-21,232.5050303027995,234.8851292946414,232.5050303027995,234.5181884765625,36254500,227.1825729370117,224.06009185791015,63.419979455560544,0.006297764639583869,-0.0312795164724885,-0.04459396811218985,17.4060740970743
2024-10-22,231.9496772340994,234.26034966164363,230.6703855707813,233.90333557128903,38846600,227.6035514831543,224.42365020751953,62.12393707968377,-0.002621770657822209,-0.026933280249074043,-0.04052821795215611,17.475131140602937
2024-10-23,232.13812257917172,233.18932661738796,225.87054472777703,228.8456573486328,52287000,227.82123031616212,224.61187561035158,52.60135572792871,-0.021622941846054844,-0.004476497585051531,-0.01850059899468104,17.77225835129714
2024-10-24,228.07215528955652,228.90519841888127,226.51518737581563,228.6572723388672,31109500,227.97246704101562,224.78740783691407,52.27990799661418,-0.0008231967866387802,-0.0029948983946449514,-0.016924300995850405,17.253023828886615
2024-10-25,227.8341207497304,231.2852470135028,227.665532857223,229.49026489257807,38802300,228.15196533203124,224.92009796142577,53.629295192375594,0.0036429742434624934,-0.005831618004246364,-0.01991442614479333,17.473990106958794
2024-10-28,231.38442210065008,232.78271346714027,230.6208056596869,231.4637451171875,36087100,228.17179794311522,225.06587860107422,56.74963192347834,0.008599407149288973,-0.014222301520290359,-0.027640901225693515,17.401446046432213
2024-10-29,231.1662580738538,232.3860500186716,230.3927299983884,231.7315216064453,35417200,228.54170303344728,225.22018768310548,57.17076795620949,0.0011568830752404224,-0.013765147490013785,-0.028098611178146826,17.382708164045706
2024-10-30,230.68031899274527,231.5331852263952,227.64570650368097,228.19114685058597,47070900,228.70632629394532,225.29139221191406,50.209618041497436,-0.015277916147601323,0.002257666217422072,-0.012707568539328973,17.66716555489797
2024-10-31,227.43744214117888,227.92338265648337,223.5003751779276,224.0359039306641,64370100,228.7182273864746,225.28167388916015,43.51296892969757,-0.018209483484662226,0.020899879767751983,0.005560581748903948,17.980159813081475
2024-11-01,219.1368672842602,223.4805363045207,218.44267740554844,221.06077575683597,65276700,228.52533950805665,225.24954284667967,39.45535665776516,-0.013279693663516001,0.033767020520327984,0.01894848634047719,17.99414573119117
2024-11-04,219.15671602208408,220.9417714715672,217.88733586004025,220.16824340820312,44944500,228.54120635986328,225.15374389648437,38.30145171924231,-0.0040374975867026874,0.03802983946297944,0.022644048983203602,17.620938975469443
2024-11-05,219.9599772111233,222.0921350198155,219.30544885909725,221.5962829589844,28111300,228.4261688232422,225.0797625732422,41.26142907297406,0.006486128647234635,0.030821301571750448,0.015719937030272968,17.151682224273472
2024-11-06,220.7632721624041,224.19457534628128,219.35505401685137,220.8723602294922,54561100,228.0879981994629,224.97444396972656,40.20833730561294,-0.003266854117883411,0.03266881361920282,0.018572191359625956,17.814831750914642
2024-11-07,222.7665171269793,225.9895557457087,222.7070172967094,225.5928649902344,42137700,228.01064529418946,224.99407928466798,49.29587375798525,0.02137209361930803,0.010717450235226744,-0.0026542759035944608,17.55645340861097
2024-11-08,225.53330763226649,227.01257809039103,224.77878865400956,225.3248291015625,38328800,227.99377212524413,224.94290222167967,48.841945021579384,-0.0011881399204868304,0.011844868736053282,-0.0016950057452863598,17.461712155886524
2024-11-11,223.37892800863307,224.07388164377815,219.90414468405436,222.61447143554688,42005600,227.65543594360352,224.85318634033203,44.39064465102494,-0.012028668464201808,0.022644370222427934,0.010056466187254642,17.553313524499227
2024-11-12,222.9321731823864,223.96467356190877,221.75074442821315,222.61447143554688,40398300,227.19065780639647,224.88703674316406,44.39064465102494,0.0,0.02055655385447186,0.010208524598434021,17.514298287591618
2024-11-13,222.39605879884869,225.01703765642935,221.15506473467505,223.49806213378903,48566200,226.8727005004883,224.976640625,46.242994095146074,0.003969152106528595,0.015099184012965505,0.006615621080087397,17.698438394256435
2024-11-14,223.3987876531247,227.2210402122622,223.3789275067786,226.5757293701172,44923900,226.69028091430664,225.09745178222656,52.213797688595285,0.01377044260225313,0.0005055772942137438,-0.006524430449811436,17.620480527340796
2024-11-15,224.768828738636,225.28508648780172,222.65418524957263,223.37892150878903,47923700,226.2067024230957,225.18526733398437,46.443452817840985,-0.014109224629731187,0.01265912152859694,0.008086464976169383,17.68512074167731
2024-11-18,223.62713486361545,228.08479108540536,223.54770942404784,226.37718200683597,44633700,225.79965209960938,225.33126342773437,51.82130690618559,0.013422307162177516,-0.002551184276201268,-0.0046202473669365585,17.613999759450028
2024-11-19,225.34467799276683,228.501774994788,225.02699136706505,226.63531494140625,36211800,225.43625106811524,225.49828918457033,52.26571869610768,0.0011402780628415599,-0.005290719469739358,-0.005016984035033922,17.404895618146483
2024-11-20,226.41689814964724,228.27342054954684,224.26253412411583,227.35012817382807,35169600,225.361474609375,225.6290347290039,53.543655674202725,0.0031540240434577704,-0.00874709673764773,-0.0075702330086581116,17.375692659489594
2024-11-21,227.2309725554499,228.50174921258224,224.08381355701644,226.87356567382807,42108300,225.27228927612305,225.74806701660157,52.53386725314101,-0.0020961611230569943,-0.007058012214640974,-0.0049609069874830825,17.555755452613166
2024-11-22,226.4168797117104,229.0577186823492,226.4168797117104,228.21383666992188,38168300,225.20846786499024,225.89926055908202,55.09858642516047,0.0059075679095232925,-0.013169091098005903,-0.010142137499697501,17.457515912334365
2024-11-25,229.79240040372403,231.5694972757357,228.08479132337305,231.19223022460935,90152800,225.19489212036132,226.23259582519532,60.23993659933762,0.01305088945590649,-0.02594091548155164,-0.02145242681640125,18.31701657756908
2024-11-26,231.64890834638587,233.8727750720934,231.64890834638587,233.36643981933597,45986200,225.27663803100586,226.60009338378907,63.52342323435802,0.009404336783352507,-0.034665660557674616,-0.02899451369607886,17.64385193119002
2024-11-27,232.78068842055708,233.99189975911068,232.1254399622211,233.23736572265625,33498400,225.52894897460936,226.8876565551758,63.18979904721603,-0.0005530962240313242,-0.03304966476603499,-0.027224236338833196,17.327008264312834
2024-11-29,233.11825362062933,236.0966394139658,232.28430923422,235.6201019287109,28481400,226.10815887451173,227.06063201904297,66.66982716947868,0.010215928304077915,-0.04036982828008917,-0.03632741790536054,17.164761835713872
2024-12-02,235.5605381566453,239.0551666028684,235.45133007089743,237.8638153076172,48137100,226.94831085205078,227.29177032470704,69.5856994379005,0.009522588949499422,-0.04588972240880751,-0.04444578915560504,17.689563768314784
2024-12-03,238.0822139315433,241.01095673492532,237.17876666593097,240.90174865722656,38861000,227.98498611450196,227.61798095703125,73.02653006966148,0.012771733883443215,-0.05361838431942456,-0.05514184838523728,17.475501760717165
2024-12-04,241.12017980186528,242.35125137710352,239.51185632927687,241.25917053222656,44383900,228.96813049316407,227.93348907470704,73.40770891404676,0.0014836831903140002,-0.05094537965934309,-0.05523388573426069,17.60838737156068
2024-12-05,242.2321233137982,242.7781485930641,240.38552350615552,241.28895568847656,40033900,229.98896026611328,228.26942657470704,73.44139113579374,0.00012345709464356425,-0.04683179712938246,-0.05395824718384035,17.505237178131694
2024-12-06,241.1599112680226,242.86752040520184,240.3358893466864,241.0904083251953,36870600,230.76383743286132,228.578583984375,72.77962624820674,-0.000822861380931128,-0.04283277366391525,-0.05189681508997945,17.4229250705928
2024-12-09,240.0876781705053,245.45870413211117,240.0082527322972,244.97222900390625,44649200,231.7462074279785,228.9600225830078,77.12040110382077,0.016101099606894875,-0.053989881341679924,-0.06536335357687884,17.61434697038983
2024-12-10,245.1111986848389,246.42169557945556,243.57236314301568,245.98486328125,36914800,232.91472702026368,229.25837799072266,78.10144939601496,0.004133669687626629,-0.05313390460957923,-0.06799802665663579,17.42412313969831
2024-12-11,246.17350623578653,248.9930409884295,244.48574226451257,244.71409606933597,45205800,234.01970825195312,229.66599151611328,73.82350904968808,-0.005166038247081395,-0.043701560266282136,-0.06149259399000473,17.62673597727546
2024-12-12,245.11120954102955,246.9478867446912,243.90992066775823,246.1735076904297,32777500,235.15348052978516,230.09148803710937,75.48430516479269,0.005963741543847156,-0.04476528471334351,-0.06532798676916896,17.305252892864427
2024-12-13,246.0345210589055,247.49391610940148,244.46590277835176,246.34228515625,33155300,236.1418083190918,230.54237609863281,75.67650465087671,0.0006856036923053033,-0.04140773814243148,-0.06413803073879754,17.316713171314248
2024-12-16,246.2033097230519,249.56888515433104,245.8657478109084,249.2313232421875,51694800,237.4344284057617,231.02863189697266,78.74788537187347,0.011727739247466396,-0.047333114806610066,-0.07303532761621057,17.760867773493636
2024-12-17,248.2782195012147,252.00120141225344,247.98037791856115,251.6537170410156,51356400,238.6982551574707,231.66468811035156,80.92305288186843,0.009719459686349907,-0.051481305485479356,-0.07943069216579912,17.754300140903144
2024-12-18,250.3432677271904,252.4479889260113,245.95511429725676,246.26287841796875,56774100,239.67963333129882,232.1120050048828,64.98309355680794,-0.02142165308119892,-0.0267325921347209,-0.05746247060861698,17.85459081139636
2024-12-19,245.71681628677703,250.18439476471843,245.30976661195103,247.9903106689453,60882300,240.71164245605468,232.51909576416017,67.21184340524212,0.007014586453605531,-0.029350615325480556,-0.06238636849581769,17.924453066467066
2024-12-20,246.2529371403228,253.16279902630112,243.919877297432,252.65647888183597,147495300,242.00078811645508,233.0294268798828,72.3342102079677,0.018815929542988385,-0.04217461912134224,-0.077682757587754,18.809306875609565
2024-12-23,252.93446477293037,253.80811434244583,251.6239676953758,253.4308624267578,40858800,243.2616394042969,233.5847982788086,73.08569004369475,0.003064966108721867,-0.04012622190164328,-0.0783095790225028,17.52563280282139
2024-12-24,253.64924013847912,256.34962902881983,253.45066898797964,256.3397216796875,23234700,244.51901397705078,234.12396881103516,75.75029037234617,0.011477920349066917,-0.04611344517806504,-0.08666527654427403,16.961157451901094
2024-12-26,256.32983230675023,258.2260750496306,255.7738693378932,257.1538391113281,27237100,245.7083839416504,234.62884490966798,76.45293328629893,0.003175931635979179,-0.0445082025966671,-0.08759345876189129,17.12009060920619
2024-12-27,255.9724022209019,256.8361595932908,251.23677948504653,253.74855041503903,42355300,246.73394317626952,235.10667175292969,67.62629572766154,-0.01324222383012863,-0.027643930289635965,-0.07346595135861111,17.561604142421523
2024-12-30,250.4127324736,251.6735866364952,248.94339979921563,250.3829498291016,35557500,247.47208557128906,235.50984832763672,60.22555373294294,-0.013263526354860167,-0.011625648870257854,-0.05940141495903173,17.386661690549982
2024-12-31,250.62123433005317,251.45517870098837,247.6329109442556,248.61578369140625,39480700,248.00968399047852,235.8211541748047,56.71590219098602,-0.007057853335866171,-0.0024378971114724646,-0.0514634643329116,17.491322528197657
2025-01-02,247.13651085819407,247.3052993793268,240.0777512722144,242.09312438964844,55740700,248.06925277709962,235.9726528930664,46.04905812660527,-0.026235901859931965,0.024685246235381042,-0.02528147592796215,17.836221156185857
2025-01-03,241.60665893554688,242.4207431843357,240.14724866814672,241.60665893554688,40244100,248.0866271972656,236.12671936035156,45.36380260000415,-0.0020094145809717023,0.026820321469067654,-0.022681243966281572,17.510473992081813
2025-01-06,242.549801627174,245.54804748087852,241.4477983095151,243.23483276367188,45045600,248.18392105102538,236.41450286865233,48.14514628279716,0.006738944345732412,0.0203469553728024,-0.028040103539143213,17.623185890192012
2025-01-07,241.22939201717415,243.78088314896328,239.61114601786815,240.46495056152344,40856000,248.15264816284179,236.65065643310547,44.037940997699145,-0.011387687243132882,0.03197013778251834,-0.01586216252934569,17.525564271785825
2025-01-08,240.1770368943837,241.9541489627904,238.32051453305576,240.951416015625,37628900,247.95160751342775,236.8798794555664,44.92655173640501,0.002023020207167825,0.02905229449802782,-0.016897749045785115,17.443282956721927
2025-01-10,238.28077607985776,238.42970445265777,231.3212870184269,235.1435546875,61710900,247.40954208374023,236.95347564697266,37.30951000883478,-0.02410386883863913,0.05216382567891964,0.007697089388131406,17.937971150741628
2025-01-13,231.84748509521597,232.9792711307645,228.06493742769467,232.71121215820312,49630700,246.80939788818358,236.9730694580078,34.65920972576882,-0.010344074846233342,0.06058232261020646,0.018313931934260896,17.720120171985332
2025-01-14,233.05869925952223,234.41882398797216,230.79512716232853,231.5992889404297,39435300,246.0806869506836,237.04123229980468,33.488091646077436,-0.004778124815995266,0.06252781723340584,0.02349723690548422,17.49017193759859
2025-01-15,232.94947976770305,237.2383625727966,232.74098609709984,236.1562042236328,39832000,245.57138290405274,237.28363830566406,42.11973313582705,0.01967586042276337,0.03986843670430962,0.004774103165054333,17.5001811924096
2025-01-16,235.63995285298608,236.29518618874627,226.38709407905125,226.6154327392578,71759100,244.44058837890626,237.3947314453125,32.58499336244937,-0.0404002575995851,0.07865817179431889,0.047566481133953786,18.08882524776566
2025-01-17,230.44764042021455,230.6164138035219,226.833866130533,228.32305908203125,68488300,243.27405548095703,237.55782775878907,35.403544739314185,0.007535348860102653,0.06548176281027418,0.04044606232014436,18.0421735003253
2025-01-21,222.38610589383063,222.80307802451944,217.7993973074028,221.0359039306641,98070400,242.0127067565918,237.54662017822267,29.697456508204,-0.03191598422281583,0.09490224191137675,0.07469698792797819,18.401196156276225
2025-01-22,218.2064751614249,222.5052806842356,218.2064751614249,222.2173767089844,64126500,240.72406005859375,237.5735205078125,31.621701702667863,0.005345162289520644,0.08328189101901629,0.06910415389764268,17.976368268588665
2025-01-23,223.1208199792776,225.394314538592,220.69839703644928,222.0485992431641,60234800,239.19366607666015,237.50263519287108,31.489107313424128,-0.0007595151572747927,0.0772131276303194,0.06959753856759687,17.913760832950565
2025-01-24,223.160517277336,224.00439930767484,219.81480209957203,221.1749267578125,54697900,237.58086929321288,237.4196371459961,30.769850189964956,-0.003934600300697366,0.07417632177342126,0.07344734155138499,17.817335893712624
2025-01-27,222.4059977899183,230.47741293083345,222.36627749626695,228.20391845703125,94863400,236.17407913208007,237.53142608642577,42.20722659961804,0.03178023749009995,0.03492560832845437,0.040873564715545374,18.36794853060677
2025-01-28,229.1868093297106,238.45951413038736,229.1470890329199,236.5434112548828,75707600,235.1435577392578,237.8100048828125,52.280264374787976,0.036544038569704895,-0.0059179560664939235,0.005354592720254958,18.142389122878207
2025-01-29,232.4332150558305,238.1318651456976,232.3240069742682,237.63546752929688,45486100,234.3379035949707,238.09275299072266,53.42506343012369,0.004616726666029747,-0.013876564675345149,0.001924314859983678,17.63291736472747
2025-01-30,236.95044029141235,239.05516137192973,235.500967711044,235.8782196044922,55658300,233.61266708374023,238.27880279541014,51.29270814475199,-0.007394720758962636,-0.009604755049239855,0.01017721430551366,17.834741788982406
2025-01-31,245.40906406001392,245.40906406001392,231.7581291617668,234.2996826171875,100959800,232.8968620300293,238.49721801757812,49.38582854940768,-0.006692169331918407,-0.005987291879734236,0.017915241512506785,18.43023298567758
2025-02-03,228.33299411580023,230.15973381299625,224.0738938399255,226.36724853515625,73063300,232.11056823730468,238.49701934814453,41.114123010404874,-0.033855931828092656,0.025371690203922936,0.05358447784068221,18.10683676035289
2025-02-04,225.61271003037928,231.45035067549784,225.0170268486458,231.1227264404297,45067300,231.58637161254882,238.586767578125,46.86036209691481,0.02100780009496339,0.0020060561730983473,0.03229470875776963,17.623667508249756
2025-02-05,226.8835194075747,230.9936915376493,226.62539807097704,230.79513549804688,39620300,230.9643867492676,238.65566772460937,46.523565314074126,-0.0014173895723199603,0.0007333397684292642,0.03405848312010473,17.494852196378964
2025-02-06,229.6236309743156,232.11555701043588,228.7698263631288,231.53973388671875,29925300,230.51812591552735,238.7489910888672,47.448105015502726,0.0032262308608241863,-0.004412236094610167,0.031136155687540024,17.214214867837256
2025-02-07,230.9241838961893,232.31409120281864,225.6226456863809,225.989990234375,39707200,229.77005462646486,238.70451416015624,41.66606466085731,-0.02396886080494065,0.01672668947934164,0.056261447299479794,17.497043114599506
2025-02-10,228.16662274990708,229.18037646801733,225.8111004860379,226.2583465576172,33115600,229.3257942199707,238.6058364868164,42.033905445482894,0.001187469953708442,0.013557279583373827,0.05457252789591527,17.31551505861166
2025-02-11,226.8049592810601,233.7919821040532,226.7353950927951,231.19793701171875,53718400,229.2501304626465,238.56246643066407,48.474482227811805,0.02183163860805326,-0.008424843985409436,0.03185378517703663,17.79926616372583
2025-02-12,229.78663009476247,235.51142789245532,229.26980470124647,235.4219665527344,45243300,229.4412643432617,238.6061584472656,53.25731368008044,0.018270186990472892,-0.025404180829204925,0.013525466383435214,17.62756517295169
2025-02-13,235.4617298072221,240.85852795215615,234.1299251101732,240.0534820556641,53614100,229.6361282348633,238.69482604980467,57.874607685431876,0.01967325127195485,-0.04339597047955002,-0.005659805449288902,17.797322669800195
2025-02-14,239.77520922194773,244.0489258287467,239.5168040933544,243.104736328125,40896200,230.46059341430663,238.79964447021484,60.63353489443376,0.012710726986052912,-0.05201109244022395,-0.017708794665766803,17.52654773161337
2025-02-18,242.6574585849239,243.6811607859394,240.36158248040348,242.9755096435547,48822500,231.1932159423828,238.8411196899414,60.452953794228634,-0.000531567942781197,-0.048491692510313156,-0.017015665322313578,17.703701850621435
2025-02-19,243.16433914739287,244.5060771785356,241.67350900245088,243.373046875,32204200,232.3100730895996,238.88339721679688,60.839338313606554,0.0016361205786892263,-0.045456856983355665,-0.018447604267817996,17.28760746784322
2025-02-20,243.4426507707668,245.2713989598738,242.7966152101895,244.32720947265625,32316900,233.4155647277832,238.94416229248046,61.803951871254725,0.00392057629186171,-0.044659965496369414,-0.0220321231998446,17.291100902118927
2025-02-21,244.44645306890683,247.1697083342209,243.72091995824803,244.0489044189453,53197400,234.51557998657228,239.00333221435548,61.329430626927206,-0.0011390669680696464,-0.039063172420588765,-0.02067443087524934,17.78952009973505
2025-02-24,243.43268408373555,247.3386670527108,242.92580728065096,245.5894317626953,51326400,235.7363052368164,239.01567626953124,63.021885805833605,0.006312371479060053,-0.040120319735092,-0.026767257230824404,17.753715817135788
2025-02-25,246.48393846255715,248.47171215983585,243.41283173998391,245.52980041503903,48013300,236.60259933471679,239.00657501220704,62.90711636020759,-0.00024280909495277836,-0.03635893103497767,-0.02656795790900024,17.686988634652565
2025-02-26,242.83637220684057,243.48239258336395,237.66816369812489,238.89064025878903,44433600,236.7199607849121,238.8901058959961,51.63293735519377,-0.027040139913881323,-0.009086498623493311,-2.2368511062298424e-06,17.609506520468685
2025-02-27,237.9464364184556,240.97779411500133,235.61079643123784,235.84933471679688,41153600,236.63065414428712,238.68362243652345,47.438730922068714,-0.01273095312021233,0.0033127904661187646,0.01201736576077228,17.532821990371655
2025-02-28,235.5014815283524,240.61005923211764,228.7927454203557,240.3615875244141,56833400,236.8548225402832,238.5640084838867,53.476954139503015,0.019131929343940923,-0.014589539952072017,-0.007478645232133041,17.855634756634863
2025-03-03,240.31189930334125,242.53821134874983,234.66662916873,236.57489013671875,47184000,236.96858291625978,238.31087982177735,48.447020517527946,-0.015754170317712313,0.0016641359499882658,0.007338013277974564,17.66956543123082
2025-03-04,236.25684921580157,238.6024227827577,233.2453581153048,234.4877166748047,53798100,237.37460632324218,237.96755981445312,45.885188002830944,-0.008822464043871547,0.01231147494365814,0.01484019371673262,17.800748727111277
2025-03-05,233.98083809185871,235.1039350742086,227.82867612475383,234.29888916015625,47227600,237.5334144592285,237.72828002929688,45.649999626032375,-0.0008052767851814968,0.013805124346369713,0.01463682086344198,17.670489046595367
2025-03-06,233.00684447444675,236.4059358119138,231.73467047090972,233.8914031982422,45170400,237.68822784423827,237.4463018798828,45.11262947549568,-0.0017391715486774206,0.016233280035427233,0.015198928361755737,17.625952585164992
2025-03-07,233.6727371800736,239.89446338205195,233.3248707174565,237.6085357666016,46273600,237.9916679382324,237.1453430175781,50.80195387728809,0.015892557475525537,0.0016124512126414192,-0.0019493944000330554,17.65008218365997
2025-03-10,234.10009611136832,234.71631625547707,222.84930513729452,226.08937072753903,72071200,237.99663696289062,236.59851318359375,37.74492258649095,-0.04847959271285451,0.05266619212143797,0.04648224913111609,18.093165091115875
2025-03-11,222.4418202229124,224.45940937640347,216.1206990584521,219.48997497558597,76137400,237.65821838378906,235.86151824951173,32.57877678627729,-0.02918932336675839,0.08277482108339562,0.07458902519692212,18.148050173846933
2025-03-12,218.7942815006733,220.39444016213503,213.5962567862592,215.65359497070312,62547500,236.8810012817383,235.03151336669922,30.007547798551002,-0.01747861151886121,0.0984328886978163,0.08985669076663716,17.95143684204072
2025-03-13,214.6298526174969,215.5144112677834,207.14588618522245,208.39817810058597,61368300,235.52981185913086,234.12450592041014,25.852022407601652,-0.03364384846495516,0.13019131935716577,0.12344794975802076,17.93240398944564
2025-03-14,209.9585940343847,212.6420854575803,208.2988048386841,212.18490600585935,60107600,234.13638305664062,233.3605450439453,31.20663894652033,0.018170638245434523,0.10345447027308863,0.09979804613199583,17.911646864054216
2025-03-17,212.00601857046763,213.90434624612,208.6864398646377,212.6918029785156,48073400,232.61573638916016,232.6420654296875,31.915429705433894,0.0023889398270500184,0.09367513525030913,0.09379892488469399,17.688239588355554
2025-03-18,212.85081593904235,213.83475423543345,210.19713981325924,211.38980102539065,42432400,231.03645095825195,232.02799896240234,31.031038431124998,-0.006121542696483018,0.09294038708377172,0.09763100129193436,17.563422802897797
2025-03-19,212.91044076829724,217.4226803637017,212.443312738742,213.92420959472656,54385400,229.5640090942383,231.47434997558594,34.81742492618902,0.01198926607169426,0.0731090675952053,0.08203905679543055,17.81160631183953
2025-03-20,212.6818553101102,216.16045933121796,210.92267131595003,212.7911834716797,48862900,227.98720779418946,230.8654769897461,33.920851265566256,-0.005296390367379944,0.07141284744314702,0.08493910895735923,17.704528995752153
2025-03-21,210.26669685360037,217.5021918152461,209.9884097524224,216.9356842041016,94127800,226.63154678344728,230.39489166259764,40.00654614886475,0.019476844222606093,0.04469464124778777,0.06204238600890166,18.360164001941694
2025-03-24,219.64899945464327,220.1260609084734,217.2437950361324,219.38064575195312,44299500,225.32110748291015,229.96347625732423,43.32273399667947,0.011270444310818029,0.02707833095574763,0.04823958134090267,17.60648397084357
2025-03-25,219.4204082670252,222.73005335992565,218.73462390108503,222.38218688964844,34493600,224.16372680664062,229.7082489013672,47.182575143000506,0.013681886692452627,0.008011162862951116,0.03294356492390338,17.3562843865375
2025-03-26,222.1436424317859,223.64442126802376,219.12223310716143,220.17575073242188,34466100,223.22798233032228,229.45753967285157,44.76895329383289,-0.009921820574241624,0.01386270553295299,0.04215627247575404,17.355486819243552
2025-03-27,220.036629351702,223.61462840697533,219.211701370472,222.48159790039065,37094800,222.55959548950196,229.27518585205078,47.77561626251222,0.010472757151041012,0.00035057995738707604,0.030535505029507082,17.42898738298698
2025-03-28,220.31488968867507,222.44180687800483,216.34927581514728,216.56793212890625,39818600,221.36991271972656,228.88342041015625,41.53126188780679,-0.02658047149648779,0.02217309157277292,0.05686662914581242,17.4998447228842
2025-03-31,215.6833836525119,224.24075018814543,214.90815310911736,220.7720947265625,65299300,220.57977294921875,228.76655364990233,46.84981428916202,0.019412673687782434,-0.0008711326383071816,0.03621136508779066,17.994491889748325
2025-04-01,218.46626491168396,222.31260214779184,217.5618242432653,221.8256072998047,36412700,219.94666748046876,228.6366046142578,48.12327964920314,0.004771946266791671,-0.008470346783707727,0.030704287919508966,17.410428200316982
2025-04-02,219.9670353213626,223.8133724100327,219.66886624627367,222.5213165283203,35905900,219.35778884887696,228.66631286621094,48.99241976521347,0.0031362890740354032,-0.014216739900694941,0.027615315394327933,17.396412213209757
2025-04-03,204.28348559152053,206.2215769781628,200.0197179050274,201.94786071777344,103419000,217.7606117248535,228.26092254638672,31.94690193378524,-0.09245611221219108,0.07830115630280798,0.13029631378658846,18.454299265245393
2025-04-04,192.70471987275084,198.65810753704545,186.19475800144227,187.22840881347656,125910900,215.24160537719726,227.56451873779298,25.193300214812723,-0.07288738713042187,0.14962043816560122,0.2154379785628615,18.651085079857292
2025-04-07,176.11674047268428,192.96311894309864,173.55251067175698,180.3507080078125,160466300,212.95467224121094,226.74803436279296,22.771014337161077,-0.036734280065990776,0.18078090512395484,0.25726168124036763,18.893594515872287
2025-04-08,185.55866963100107,189.176417114886,168.175598539417,171.365966796875,120859500,210.5484718322754,225.61127532958983,20.057874260930475,-0.04981816434315467,0.22864811355363535,0.3165465672481711,18.610139280145162
2025-04-09,170.89883496621582,199.38363475051756,170.83920418374143,197.6343994140625,184395900,209.64751205444335,224.83309509277345,41.86654681663137,0.1532885035937399,0.060784522714652844,0.13762126309664913,19.032595639989378
2025-04-10,187.9141823452429,193.58926741380884,181.88128226075605,189.25592041015625,121880000,208.69039916992188,223.86550415039062,38.279511630291914,-0.042393829357370905,0.10268888137104049,0.18287186823655688,18.618547520286572
2025-04-11,184.96236474624945,198.32019241914816,184.9226007761468,196.93869018554688,87435900,207.92808837890624,223.0867135620117,43.094140335027404,0.04059460733772813,0.05580111344807692,0.13277240420269543,18.286416522874653
2025-04-14,210.14745189040863,211.63828226401768,199.93029560984905,201.281982421875,101352900,207.35759735107422,222.42635955810547,45.67417586202016,0.022054032309426264,0.030184594051071656,0.10504853381219759,18.434119054034284
2025-04-15,200.62597928160577,202.2658863473441,198.5785750100267,200.90426635742188,51343900,206.83332061767578,221.9170999145508,45.48105450213773,-0.0018765517902216144,0.029511838487818576,0.10459127592514994,17.754056714159148
2025-04-16,197.1474065096439,199.47309822086447,191.19401850640656,193.08241271972656,59732400,205.79123077392578,221.1562936401367,41.56196999548278,-0.03893323810147331,0.06582069218622721,0.14539843647573147,17.905385161456255
2025-04-17,195.99447418061752,197.6145145196776,193.2314700862815,195.77581787109372,52164700,204.9404624938965,220.45590728759765,43.371500228602095,0.013949510540231636,0.0468119337845756,0.12606301270953835,17.76991659805526
2025-04-21,192.08849990403365,192.6152586778503,188.64964501381647,191.9791717529297,46742500,203.6926368713379,219.66469604492187,41.42430874123046,-0.019392824708636347,0.06101424967851732,0.14421108310448627,17.66016439441537
2025-04-22,194.921085932704,200.3576482646354,194.77200897005903,198.5189666748047,52976400,202.64955291748046,219.11527557373046,45.927585845178186,0.03406512728522171,0.020807010593814512,0.10374982926777343,17.785357108205936
2025-04-23,204.74067860292735,206.7284521815966,201.56024391015845,203.3492431640625,52929200,201.69790573120116,218.65709350585936,49.04362102750954,0.024331561715059236,-0.008120696232584601,0.0752786196968851,17.784465748311202
2025-04-24,203.6374845300284,207.5534013078127,201.69940812530305,207.09620666503903,47311000,201.04392852783204,218.17505889892578,51.384060585935806,0.01842624758604816,-0.029224476076454953,0.05349616206059182,17.672253405700978
2025-04-25,205.1084114199,208.46775361357265,204.9394524859384,208.0006256103516,38222300,200.31987991333008,217.62663208007814,51.95764589953474,0.004367143946655494,-0.03692655093937014,0.04627873806379301,17.45892969904584
2025-04-28,208.71623364812055,210.2070638884643,206.1917677806294,208.8553771972656,38743100,199.93425216674805,217.00266998291016,52.52769803929678,0.004109370269468338,-0.04271436603756418,0.039009255567068246,17.47246325920318
2025-04-29,207.4142395090872,210.94254069563792,207.0961884524305,209.91883850097656,36827600,199.39158935546874,216.3389520263672,53.27062603221254,0.0050918550337659685,-0.05014913964217105,0.03058378929321659,17.42175814918325
2025-04-30,208.0205233254963,212.2743578831654,205.4065960245207,211.20095825195312,52286500,198.86035690307617,215.70346099853515,54.201202547106384,0.006107692668900766,-0.058430612488770906,0.021318571581530055,17.772248788645218
2025-05-01,207.80187477964563,213.2483707428857,207.62296725165956,212.01596069335935,57365700,198.33508911132813,215.07631927490235,54.817159914120076,0.0038588955663447777,-0.06452755508260055,0.014434566961537554,17.864957139135488
2025-05-02,204.83016269927805,205.7246700746057,200.9241941734334,204.09469604492188,101010600,198.44243087768555,214.27166900634765,48.05267892647208,-0.03736164306938228,-0.02769432658843929,0.04986397568698098,18.430736029693616
2025-05-05,201.8584031530013,202.8522898939505,196.99829759637964,197.67413330078125,69018500,198.96471710205077,213.34417358398437,43.37995326684026,-0.03145874375259339,0.006528845123634719,0.07927208290504839,18.049885157055776
2025-05-06,196.9983091053983,199.42338015596505,195.81558138809012,197.2964630126953,51216500,199.81200485229493,212.37831420898436,43.11437095807604,-0.0019105700972583683,0.012750060498741611,0.07644258273053062,17.75157232324328
2025-05-07,197.95242524507103,198.2207789180717,192.0686174137577,195.0502777099609,68536700,200.9962203979492,211.3687237548828,41.487530040199715,-0.011384822963551366,0.03048415392071324,0.08366276755159197,18.042879940774945
2025-05-08,196.5113045675241,198.82706269335063,193.4898801219913,196.28271484375,50478900,200.92863616943356,210.51656524658202,42.76367109650346,0.0063185612871656804,0.02366953875374067,0.07251708544057389,17.737066004961825
2025-05-09,197.7834732241415,199.31405222350435,196.3323918231404,197.31634521484372,36453900,201.33165740966794,209.74590545654297,43.869366148684335,0.005266028503409181,0.020349617718959045,0.06299305933406374,17.41155903401197
2025-05-12,209.95526516858175,210.2538252478288,205.75556156059076,209.776123046875,63775800,201.97352905273436,209.13419616699218,55.123504512594096,0.06314620219863043,-0.037194862221746394,-0.0030600569338359307,17.970884381693754
2025-05-13,209.4178625594749,212.3735786127325,207.99474788922345,211.9058380126953,51909300,202.50472183227538,208.64081512451173,56.72080755879844,0.010152323033181476,-0.04436459263503967,-0.015407894934862387,17.76500854209919
2025-05-14,211.4082562510552,212.91100323820052,209.5671634108319,211.30874633789065,49325800,203.0249458312988,208.17723571777344,56.117730647150665,-0.0028177216843308095,-0.03920235508541492,-0.014819597742110502,17.713957848970697
2025-05-15,209.9353730316401,211.93571508448807,208.53215118256117,210.43296813964844,45029500,203.8924736022949,207.69991729736327,55.190826150952105,-0.004144543060426886,-0.031081130467223717,-0.012987750286691968,17.622828410715133
2025-05-16,211.33859654598928,211.54759317457453,208.76105751069144,210.24388122558597,54737900,204.61587677001953,207.22696685791016,54.97967711567694,-0.0008985612650627139,-0.026768933406093987,-0.014349594147944567,17.818066915938445
2025-05-19,206.90999202317107,208.4724326946764,203.2775387890809,207.7758026123047,46140500,205.40570831298828,206.63031219482423,52.17387218335398,-0.01173912219891482,-0.011406979395665373,-0.005513107893597491,17.64720166890841
2025-05-20,206.6711529249315,207.4673081447902,204.04385132917625,205.86505126953125,42496600,205.77301254272462,206.22582580566407,50.04454733231045,-0.009196216877760177,-0.00044708281584970866,0.0017524807338982207,17.56493465422577
2025-05-21,204.18318404217405,206.0441849710538,199.7446439816099,201.1179962158203,59211800,205.6614501953125,205.85838623046874,45.117991701713535,-0.023059062353890214,0.022590986709198235,0.023570193139561324,17.89663142120463
2025-05-22,199.74461200022,201.77479312617928,198.7394602788173,200.3914794921875,46742400,205.32621383666992,205.55314392089844,44.397627015011516,-0.003612390424043377,0.024625469890174667,0.02575790368827624,17.660162255032482
2025-05-23,192.738469754576,196.74908474491085,192.52948833207407,194.33078002929688,78432900,204.6427215576172,205.27179595947266,38.828186404261636,-0.03024429720389843,0.053063861148325175,0.056300993226735985,18.177754052902092
2025-05-27,197.34622283817183,199.77448939448533,196.4803970243206,199.24703979492188,56288500,204.1623046875,205.0130386352539,44.86961442358929,0.025298410086574297,0.024669199088916294,0.028938943566071407,17.84600082713359
2025-05-28,199.6252046868552,201.7549111726597,198.9385209981625,199.45602416992188,45339700,203.63916397094727,204.74832305908203,45.11774704182733,0.0010488706643525525,0.020972742329716132,0.026533662802039615,17.629693608403475
2025-05-29,202.60082660426147,202.82971610271787,197.55520490499055,198.98828125,51396800,203.0285301208496,204.5002926635742,44.633538732190665,-0.002345092969081697,0.02030395380808181,0.027700181030505755,17.755086491134485
2025-05-30,198.41106448584637,200.98861863398105,195.8335255231089,199.8839569091797,70819900,202.42192993164062,204.21948760986328,45.8323560615739,0.004501147773895209,0.01269723224267616,0.02169023851500751,18.07565060673686
2025-06-02,199.31669015009305,201.15779807678396,199.15745607510848,200.7298583984375,35423300,202.2536880493164,203.97826110839844,46.99954074382593,0.004231962896562802,0.007591444855474361,0.016182957213635163,17.38288038191099
2025-06-03,200.38156440883068,202.7899230095772,199.9934408158467,202.29232788085935,46381600,202.48459777832028,203.6853939819336,49.177896016449225,0.0077839415365921205,0.0009504557067243624,0.006886401059632341,17.652413408385193
2025-06-04,201.9340306292736,205.24801554678163,201.1279290627925,201.84446716308597,43604000,202.71199798583984,203.33467041015626,48.56178379881222,-0.002213928340560445,0.00429801636352467,0.007382928390433641,17.590659470164063
2025-06-05,202.521183994692,203.765171611367,199.1872911078447,199.6649932861328,55126100,202.94273376464844,202.88032653808594,45.569792622280254,-0.010797788552668997,0.016416200078791077,0.016103640398020813,17.825133864320946
2025-06-06,202.0236053289331,204.7106157617459,201.07817770068,202.93917846679688,46607700,203.2755569458008,202.53559509277343,50.503531341573996,0.016398393763357166,0.0016575334617261461,-0.001988691277221677,17.657276342953086
2025-06-09,203.4069099948636,205.0091667110405,199.05793398755327,200.4810485839844,72862600,203.43379211425784,202.0955841064453,47.05504417429015,-0.012112643312068294,0.014728292530036713,0.008053307451574732,18.10408604750757
2025-06-10,199.63515466910712,203.36711781582227,199.6053001787652,201.6951904296875,54672600,203.02974548339847,201.79812927246093,48.91065330791624,0.0060561427340823926,0.006616692499547661,0.0005103683561027417,17.816873246106756
2025-06-11,202.52118145308685,203.51637153393744,197.4556675860525,197.82388305664065,60989900,202.32564773559574,201.3391650390625,43.65670521148556,-0.01919385070511348,0.02275642662249311,0.017769755239388063,17.9262188510544
2025-06-12,198.12246436103905,198.7195693623348,196.4107360236097,198.24188232421875,43904600,201.67230453491214,200.86749053955077,44.351787278970015,0.002112986870540956,0.01730422537596299,0.013244467740867849,17.59752967893173
2025-06-13,198.769334334526,199.4062554549193,194.7587190445596,195.50511169433597,51447300,200.9259117126465,200.3271664428711,40.80259752462012,-0.013805209059742918,0.027727152355922602,0.024664596780846315,17.75606856017056
2025-06-16,196.3510290449251,197.7343428123237,195.61458283187795,197.46563720703125,43020700,200.28699951171876,200.23752197265625,44.244694296347866,0.010028001292162969,0.0142878646867024,0.014037301906451916,17.57719197641773
2025-06-17,196.2514839890114,197.43576263348731,194.27106541566712,194.6989898681641,38856200,199.6331588745117,200.38693359375,40.65239471393691,-0.014010778675210611,0.025342550619747328,0.029214038190117808,17.4753782359406
2025-06-18,194.99756984742208,196.61973472966923,194.13175923439317,195.63449096679688,45394700,199.121630859375,200.69260925292969,42.35665416683109,0.004804858511419319,0.017824770444849314,0.025854941330316183,17.63090593813782
2025-06-20,197.28649906078425,200.7298484455588,195.9131318065836,200.03321838378903,96813500,199.06739196777343,201.26595428466797,49.67457040992116,0.02248441670614576,-0.004828330133460845,0.006162655937044237,18.388297015661827
2025-06-23,200.6601870689569,201.32696262150705,198.00303129313016,200.5308074951172,55814300,199.07435836791993,201.32388244628908,50.44102958996473,0.0024875323976114583,-0.007262969442900835,0.0039548783604792526,17.837540684837364
2025-06-24,201.61557243039425,202.46149014710028,199.23706853700068,199.3365936279297,54064000,199.32464904785155,201.52549591064454,48.530675803511976,-0.005955263842522429,-5.9921662454165414e-05,0.010980935526572422,17.805679106432805
2025-06-25,200.4810436177515,202.6903668657116,199.65503400834336,200.59051513671875,39525700,199.3918228149414,201.59853240966797,50.644357544227205,0.006290473244112693,-0.005975817555283425,0.005025248936930904,17.49246167651291
2025-06-26,200.4611428555203,201.66532960796235,198.50063224789568,200.03321838378903,50799100,199.42068252563476,201.57355712890626,49.668088717542766,-0.0027782806806686544,-0.0030621706889655265,0.007700414748923912,17.743389215541725
2025-06-27,200.91895566349635,202.2425604964941,199.03804672932017,200.11285400390625,73188600,199.47691116333007,201.55772888183594,49.81695655826978,0.0003981119774036923,-0.003177920997337602,0.007220300190718731,18.108550242761577
2025-06-30,201.03836190454115,206.3924899085516,198.3015889216639,204.18316650390625,91912800,199.6918716430664,201.77974395751954,56.84304110584473,0.020340085199727076,-0.021996401259424703,-0.011770914260655907,18.336350870335053
2025-07-01,205.6759415551798,209.17901505124104,205.1484920031366,206.82041931152344,78788900,199.99639968872071,202.00063598632812,60.68395758207647,0.012916112786245382,-0.03299490275437478,-0.023304194727192362,18.18228269465397
2025-07-02,207.90517762155156,212.3138626915596,207.13887695509675,211.41819763183597,67941800,200.45269317626955,202.38941650390626,66.31291995744306,0.02223077554729791,-0.051866417263956466,-0.042705789894455726,18.034162029029495
2025-07-03,211.1295823572572,213.6175577099725,210.7912213537831,212.5228576660156,34955800,200.98661270141602,202.66949432373048,67.51626402118558,0.005224999770848893,-0.054282372688254754,-0.04636378152683185,17.36959499284233
2025-07-07,211.65703516300363,215.18996325511677,207.7957076824449,208.94017028808597,50229000,201.45037155151368,202.78131286621092,60.027016797378565,-0.016857891980541218,-0.03584661927979371,-0.029476655510442207,17.73210312701561
2025-07-08,209.08947184941584,210.4130614823681,207.44739887083225,208.99989318847656,42848900,201.75340728759767,202.8193865966797,60.10645858637333,0.00028583732993148203,-0.034672199063489506,-0.02957181698759659,17.57319055507122
2025-07-09,208.5222090540861,210.31355451699517,206.22332203726856,210.1244659423828,48749400,202.23557815551757,202.8618634033203,61.651917478928844,0.005380733629811507,-0.03754388024966315,-0.034563336099347586,17.702203468153154
2025-07-10,209.49748097232364,212.45319704499605,209.0197939340788,211.3883514404297,44443600,202.7202362060547,202.9125228881836,63.36944317808386,0.006014937348578053,-0.041005642814796794,-0.04009600573773642,17.60973155005596
2025-07-11,209.55718962168865,211.1096837700706,208.8505979590809,210.14434814453125,39765800,203.3362594604492,202.91703308105468,60.497375882474216,-0.005884918858686472,-0.032397200991575725,-0.0343921458144848,17.498517829512632
2025-07-14,208.92025854176603,209.89555581124029,206.5417547175356,207.61656188964844,38840100,203.80499343872071,202.84534515380858,55.038710516823116,-0.012028809136205187,-0.018358691697021867,-0.022980906207163976,17.474963801795965
2025-07-15,208.2137043224775,210.8708604550018,207.915144211828,208.10423278808597,42296300,204.4349494934082,202.76711059570312,55.86606899451205,0.0023489017157347636,-0.017631949362674537,-0.02564638941206776,17.5602101933843
2025-07-16,209.28849593835915,211.37838618562168,207.63647661047767,209.149169921875,47490500,205.01912612915038,202.86820007324218,57.66376082735707,0.005021219990527959,-0.01974688111010603,-0.03003105319987165,17.676040270059044
2025-07-17,209.5571995447156,210.78127919114968,208.5819022531988,209.0098419189453,48068100,205.73466873168945,203.09491424560548,57.32845139023933,-0.0006661656987771991,-0.015669947200505407,-0.02829975669582896,17.6881293342011
2025-07-18,209.8557390930104,210.77131219576944,208.69136845628208,210.16424560546875,48974600,206.46115646362304,203.35226989746093,59.43327974844275,0.0055232025244587035,-0.017619976847999874,-0.03241262893401775,17.70681237474791
2025-07-21,211.07984586548804,214.74213848423943,210.61210526026528,211.4580078125,51377400,207.0323959350586,203.68042449951173,61.71265075980274,0.006155957704908399,-0.020929034200329766,-0.03678074617956606,17.754708964481825
2025-07-22,212.1148250502387,213.91611676733493,211.20919838168209,213.36875915527344,46404100,207.6742935180664,204.0221453857422,64.85359634372745,0.009036079373582862,-0.026688375841671497,-0.04380497785399551,17.65289839691157
2025-07-23,213.96589762082587,214.11517007989065,211.38835859165647,213.11997985839844,46989300,208.36346282958985,204.3382180786133,64.11608810591738,-0.001165959336596023,-0.022318494173886982,-0.041205717951080634,17.66543049546293
2025-07-24,212.87116805528336,214.65256693634575,212.50295255730364,212.7318420410156,46022600,208.97052917480468,204.3973324584961,62.91399941284694,-0.0018212174083384047,-0.01768100548617313,-0.039178477009156776,17.644643159879184
2025-07-25,213.6673206036272,214.2047317845148,212.3735703810196,212.8512725830078,40268800,209.61143188476564,204.41624114990233,63.14298271219535,0.0005614135657658892,-0.015221147888503705,-0.03962875735129079,17.51108755835905
2025-07-28,213.000569237894,213.8166325366559,212.03523347491875,213.02047729492188,37858000,210.2568130493164,204.45047576904298,63.48695510850764,0.000794943388689795,-0.012973702250132724,-0.04023088125004026,17.449352902562797
2025-07-29,213.14982178903043,213.7767964509494,209.80599741985404,210.2538299560547,51411700,210.56034622192382,204.4468930053711,54.52637607983516,-0.012987706036527324,0.001457839155335261,-0.027618697608967735,17.755376350432392
2025-07-30,210.88077731884883,211.3684259373732,206.720889966108,208.04449462890625,45512500,210.62154998779297,204.4029052734375,48.62438905553133,-0.010507943315991919,0.012387039433480185,-0.01750389675999031,17.633497593437813
2025-07-31,207.4872131893059,208.83071086700429,206.1636083824018,206.57164001464844,80698400,210.37922210693358,204.37882202148438,45.11826759160818,-0.00707951737384338,0.018432259588078592,-0.010615290622703832,18.20622931891748
2025-08-01,209.85574027592585,212.5527122409286,200.5308135095244,201.40658569335935,104434500,209.8234085083008,204.28965270996093,35.461538106752755,-0.025003695187407304,0.04179020654148835,0.01431466109549695,18.464070648168505
2025-08-04,203.52634207300895,206.88014336875773,200.70995198839023,202.37193298339844,75109300,209.4949966430664,204.3147314453125,38.12699833832009,0.004793027431132968,0.03519788319782613,0.009600137891025762,18.134454957268204
2025-08-05,202.42167200915333,204.35234334482283,201.18764593221573,201.9439849853516,44155100,209.14220123291017,204.3457815551758,37.38977587642317,-0.0021146608214783758,0.03564461822460685,0.011893380087544703,17.603219016279095
2025-08-06,204.6409599471833,214.3440641251077,204.60114383647723,212.22430419921875,108483100,209.24719314575196,204.7036520385742,58.266137422283165,0.05090678593181597,-0.014028134358598843,-0.03543728032951765,18.502104967662245
2025-08-07,217.82723230897545,219.78775818606877,215.53829184895108,218.97169494628903,90224800,209.62636032104493,205.09814514160155,66.22600629921965,0.03179367590592452,-0.04267827687745851,-0.06335773127248479,18.317814902893577
2025-08-08,219.7678327416961,229.8889142887861,218.19543055331755,228.24685668945312,113854000,210.531485748291,205.67396179199218,73.6624196165871,0.042357811339219786,-0.0776149612665431,-0.09889684889800276,18.550427492588195
2025-08-11,227.08115402328403,228.71511750604432,223.9327805410339,226.3438720703125,61806100,211.4678512573242,206.22107360839843,70.24502490900103,-0.008337396828775545,-0.0657230994456397,-0.08890365918836551,17.939512639238103
2025-08-12,227.1708307452597,229.95057099439725,226.23430307406312,228.80479431152344,55626200,212.50287933349608,206.79949035644532,72.05080852330492,0.010872493338129674,-0.07124813545572783,-0.09617501250921057,17.83416488922883
2025-08-13,230.2195756343437,234.1351043372746,229.5819165003467,232.47125244140625,69878500,213.66898345947266,207.4343182373047,74.53082473989541,0.016024393810956772,-0.08087997455372531,-0.10769905500643373,18.062268591941095
2025-08-14,233.1985666998313,234.25466305951576,230.0003892485326,231.92327880859372,51916300,214.81465530395508,208.02693725585937,73.4813785329806,-0.0023571672929780796,-0.07376846167632178,-0.10303554552820893,17.76514338360024
2025-08-15,233.13877413921492,233.41774239633352,228.4959213987516,230.73764038085935,56038700,215.84332504272462,208.60480072021485,71.14706841024494,-0.005112201042625331,-0.0645508696090934,-0.09592210280087665,17.841553099292902
2025-08-18,230.8472538899505,232.26202593201924,229.26310933608104,230.0402374267578,37476200,216.7724365234375,209.21230560302735,69.74360260892718,-0.0030224932219571343,-0.057676000736804234,-0.0905403857025745,17.43921664947143
2025-08-19,230.4287923573085,232.01293684851592,228.50590285589897,229.71144104003903,39402600,217.58957061767578,209.74775085449218,69.05201198171626,-0.001429299458202249,-0.05276998989462789,-0.08690768772839286,17.48934238731768
2025-08-20,229.13358225147155,229.6217843388592,224.939085159242,225.17819213867188,42263900,218.19248123168944,210.24169372558595,60.189929843884904,-0.019734536864348007,-0.031023034871336064,-0.06633190484044549,17.559443875404465
2025-08-21,225.4372491279448,225.68632903786573,222.9564077521854,224.07228088378903,30621200,218.75950317382814,210.68923553466797,58.22667437430238,-0.00491127157731952,-0.02371010679681651,-0.05972646547951166,17.237203170154864
2025-08-22,225.33760837029212,228.2468598588307,224.58041092619504,226.9217529296875,42477800,219.4630271911621,211.2711929321289,61.693662951593886,0.01271675387361415,-0.03286915265825796,-0.06896897188348428,17.564492168021353
2025-08-25,225.6464541310901,228.45608264282487,225.3973742361901,226.32395935058597,30983100,220.12820129394532,211.83283447265626,60.558136153090516,-0.0026343599561685638,-0.02737561712166381,-0.06402824040154897,17.24895248478031
2025-08-26,226.0350268937484,228.6453946309622,223.86305742355088,228.46604919433597,54575100,221.03881225585937,212.49205322265624,63.17381646989526,0.009464706476046691,-0.032509149454232,-0.06991846722088702,17.815088311062794
2025-08-27,227.76862267507164,230.05018785299507,227.41990473660533,229.64170837402344,31259500,222.11867294311523,213.1355746459961,64.56285533290179,0.005145881341378056,-0.03275988270673913,-0.07187776926455969,17.25783391993832
2025-08-28,229.97051505486425,232.55097936868037,228.49595098757067,231.7041015625,38074700,223.37529602050782,213.8756768798828,66.92005905860711,0.008980917286669499,-0.03594587012412276,-0.0769447953764778,17.455060603792802
2025-08-29,231.65426265633036,232.52107103838583,230.51845893056876,231.2856292724609,39418400,224.8692481994629,214.5886996459961,65.96130425032568,-0.0018060633679641835,-0.027742238431248678,-0.07219181614952552,17.489743295700237
2025-09-02,228.4062860305561,230.00040359535527,226.13467838242784,228.8745574951172,44075600,226.19437942504882,215.16552642822265,60.576344986578135,-0.010424650182235928,-0.011710249052586552,-0.05989757540956475,17.601416922003228
2025-09-03,236.33698891571112,237.9709525201245,233.49747185558655,237.59234619140625,66427800,227.97679748535157,215.90675720214844,70.0857307968756,0.038089811255997974,-0.04047078477144339,-0.09127225408089423,18.0116262165796
2025-09-04,237.5723998534893,239.0170601981439,235.8687018920251,238.8975067138672,47549400,229.310457611084,216.69797546386718,71.20554685538957,0.005493276796928015,-0.04013038576524708,-0.09292491811808179,17.677279749610292
2025-09-05,239.1167027112504,240.43185187342493,237.61226559630575,238.80784606933597,54870400,230.30226516723633,217.46232208251953,71.00889246654737,-0.0003753100891028538,-0.03561684024246892,-0.08938367954886595,17.820484617191433
2025-09-08,238.41928864081729,239.2661511981365,235.4701758698508,237.0045166015625,48999500,230.7401481628418,218.201748046875,67.00088725757195,-0.0075513828270528105,-0.02643143062649722,-0.07933506426081138,17.707320672349578
2025-09-09,236.12774389612645,237.9011915581232,232.5011411802574,233.4875030517578,66313900,231.09732971191406,218.86924102783203,59.89980428573845,-0.014839436818485985,-0.010236836270050453,-0.0626083273531145,18.009910101353753
2025-09-10,231.3354573908009,231.56460664903227,225.118417424808,225.955322265625,83440800,230.95485610961913,219.3046841430664,48.13387494850293,-0.032259460089661185,0.02212620527750553,-0.02943342097841961,18.239647968323084
2025-09-11,226.04499474029723,229.6018477916261,225.81583028738916,229.1833953857422,50208600,230.79046325683595,219.7519436645508,52.44512478017679,0.014286333633347192,0.0070121479280331744,-0.04115242164606725,17.731696904647205
2025-09-12,228.37638560886936,233.6469097348115,228.17712472443904,233.2085418701172,55824200,230.8547264099121,220.1877505493164,57.2202091993692,0.017562993503958735,-0.010093178583124196,-0.05583325214585222,17.837718043004102
2025-09-15,236.1277410783948,237.31336381412063,234.1649902844441,235.82884216308597,42699500,231.10928649902343,220.6538702392578,60.03363046544088,0.011235867571386393,-0.020012631282812943,-0.06434739612271012,17.5696977919479
2025-09-16,236.30708253667356,240.3322223551857,235.45026224943368,237.2735137939453,63421100,231.4709503173828,221.220537109375,61.53558905152323,0.00612593276381479,-0.024455167303678138,-0.06765599930597888,17.9653071873779
2025-09-17,238.09049720761,239.21634322602875,236.85505542454317,238.1104278564453,46508000,231.89089965820312,221.8027478027344,62.41674752887783,0.003527212326053464,-0.026120352032595107,-0.06848788690406571,17.655134920272314
2025-09-18,239.08682096339743,240.31228984200703,235.77903252032195,237.0045166015625,44249600,232.48221588134766,222.34034881591796,60.44619506426665,-0.004644530963379578,-0.019081074002557763,-0.061872946540917795,17.60535691242841
2025-09-19,240.342162048153,245.3935094903633,239.32592704772568,244.5964508056641,163741300,233.5084243774414,223.00451080322264,67.93112072907837,0.032032867191576386,-0.0453319187244966,-0.08827576987041652,18.913798307404402
2025-09-22,247.38616206443075,255.69547916115812,247.2068166293636,255.13751220703125,105517400,234.9192123413086,223.90437408447266,75.00387415200764,0.04309572508777815,-0.07924471666603272,-0.1224168796363212,18.47438643566818
2025-09-23,254.9382669065294,256.3928850249964,252.646728760892,253.49359130859372,60275200,236.27769393920897,224.82191467285156,72.3248684137425,-0.006443273998468557,-0.06791452707152168,-0.11310612030754785,17.914431316741833
2025-09-24,254.28068708944184,254.7987775332095,250.11606329601625,251.3813934326172,42303700,237.42346115112304,225.6874578857422,68.91870541561802,-0.008332352171401491,-0.05552492207517168,-0.10221096794804052,17.560385134278956
2025-09-25,252.27808820484515,256.22352044118514,250.7836088309123,255.9246063232422,55202100,238.73760604858398,226.62296661376953,71.9758970600174,0.018072987935134455,-0.0671564978513648,-0.11449324912690739,17.8265115721172
2025-09-26,253.1648106749593,256.6519291955366,252.84598111295836,254.51980590820312,46076300,239.87839126586914,227.5331658935547,69.6931902634979,-0.005489118202509746,-0.05752563966520807,-0.10602962672532301,17.645809297692324
2025-09-29,253.62311772285491,254.06150078407973,252.07881928540596,253.49359130859372,40127700,240.9887893676758,228.39975280761718,67.99667044132136,-0.004031963626357382,-0.04932985436186055,-0.09899200359045068,17.50757745179067
2025-09-30,253.9220203508673,254.97811672142572,252.17846100632588,253.69287109375,37704300,242.2297050476074,229.24445007324218,68.15876492632076,0.000786133425020985,-0.045185211538350534,-0.09637015386007086,17.44528473079169
2025-10-01,254.1013624635733,257.8375764362911,253.9917666915456,254.5098571777344,48713900,243.07558059692383,230.0672720336914,68.85522208970772,0.0032203746225194507,-0.04492665513078953,-0.09603787222659022,17.70147498880059
2025-10-02,255.6356607808825,257.229778167004,253.2146115335708,256.18365478515625,42630200,243.93988800048828,230.92854553222656,70.28904048910181,0.006576553167655819,-0.047792927284669995,-0.0985820476099829,17.56807350371972
2025-10-03,253.73271197999827,258.2858846694617,253.01536064819075,257.07037353515625,49155600,244.8530143737793,231.81531616210938,71.04942581130152,0.003461262002619314,-0.04752534877266257,-0.09824180447457531,17.710501355338465
2025-10-06,257.0404730386864,258.11651518827176,254.11130630837613,255.74526977539065,44664100,245.7900520324707,232.67319610595703,68.23883682153512,-0.005154634279878945,-0.0389263025340143,-0.09021505535448127,17.61468062729881
2025-10-07,255.86484387966763,256.45266881763376,254.48991791397023,255.53607177734372,31955800,246.89248046875,233.52350799560546,67.78295780219531,-0.0008179936161895052,-0.033825327471282196,-0.08614268673942238,17.279864287252124
2025-10-08,255.57591915435188,257.5685585594684,255.16742442767125,257.1102600097656,36496900,248.45022735595703,234.46063659667968,69.43754640267755,0.006160336665868238,-0.03368217454052469,-0.08809303608586316,17.412737910838572
2025-10-09,256.8611554198282,257.0504585775582,252.2083446799687,253.1050262451172,38322000,249.64630889892578,235.3618472290039,60.87160662267264,-0.01557788384056047,-0.01366514682660569,-0.07010204135152209,17.461534727866454
2025-10-10,254.00171816056968,255.436420799504,243.10197943699816,244.3673095703125,61999100,250.20424728393556,236.1177606201172,47.19370448236577,-0.034522098610332286,0.023885918799394723,-0.03375880744728521,17.94263044290424
2025-10-13,248.46219085423505,248.7710475029622,244.6562426215344,246.7485198974609,38142900,250.7502311706543,237.02459930419923,50.46063321969747,0.009744389834039024,0.01621777214654152,-0.03940822257942045,17.456850217121282
2025-10-14,245.69241642712316,247.93413549962375,243.79940008876653,246.8581085205078,35478000,251.2294609069824,237.9143228149414,50.612068544100424,0.0004441308223144258,0.01770795544320336,-0.03623047166313109,17.384423372217505
2025-10-15,248.5717898296712,250.8932163906544,246.559219921403,248.42233276367188,33893600,251.74505615234375,238.84388977050781,52.82859918977706,0.0063365317531554055,0.013375300649128175,-0.038557093022212996,17.33873679347112
2025-10-16,247.33635013275975,248.1234359576197,244.22783772705108,246.53929138183597,39777000,252.22179489135743,239.53018951416016,49.923863469659295,-0.00758000040047635,0.023049078618144092,-0.02842995868281384,17.49879943890512
2025-10-17,247.10719170360767,252.44746537322092,246.35995200283696,251.3614654541016,49147000,252.5600456237793,240.1779849243164,56.517430596274025,0.01955945458120567,0.004768352887791982,-0.044491626867234624,17.71032638540182
2025-10-20,254.94822099113512,263.4069798400544,254.68918336894043,261.2748413085937,90483000,252.8669120788574,240.8385446166992,66.33198350196668,0.039438725568308186,-0.03218040124960064,-0.07821762167968183,18.320672556772948
2025-10-21,260.916147926868,264.313600971564,260.8663137101643,261.8028564453125,46695900,253.28237533569336,241.54772430419922,66.76230760254947,0.0020209184094199806,-0.03254540926446681,-0.0773678806111282,17.659166945767577
2025-10-22,261.6833338430701,261.882609922878,254.4899051977633,257.4988098144531,45015300,253.58824615478517,242.12160461425782,60.02724232826234,-0.01644002930028554,-0.015186725183257366,-0.05971757776774078,17.62251301216236
2025-10-23,258.98329410338334,259.66078406832133,257.06040475940137,258.6246032714844,32754900,253.72324600219727,242.64467163085936,61.131757804968174,0.004372033633252448,-0.018951627986228514,-0.061788133992226935,17.304563157704223
2025-10-24,260.2287466983284,263.1579290692685,258.2261343576155,261.8527526855469,38253700,254.08989334106445,243.24326110839843,64.18753380168184,0.012481988848809689,-0.029645895507559028,-0.07106853522176326,17.459750871725984
2025-10-27,263.90514984178776,268.1295353654346,263.67598537979285,267.8206787109375,44888200,254.80624771118164,243.984921875,69.03439585508873,0.022791152524401337,-0.048593824279724585,-0.08899894119700802,17.619685534214362
2025-10-28,268.00000632210845,268.8967183092297,267.1631014853557,268.0099792480469,41534800,255.5221031188965,244.74431671142577,69.17689619400672,0.0007068182263614275,-0.04659481771606977,-0.08680894122635796,17.54204221210383
2025-10-29,268.28892986747474,270.4110953948544,266.1269030442272,268.7073974609375,51086700,256.23198013305665,245.52423583984375,69.72958520993664,0.0026022098686300232,-0.0464275172390608,-0.08627660362221301,17.74903476689875
2025-10-30,270.98894793982623,273.1310593223432,267.49188695276854,270.401123046875,69886500,256.9428535461426,246.4286944580078,71.0855662085282,0.0063032339337949495,-0.04977150001850905,-0.08865506296255832,18.062383069813155
2025-10-31,275.9705701844509,276.29937269597025,268.16940070155243,269.3749389648437,86167100,257.55808181762694,247.3347476196289,69.0668657177057,-0.0037950437130892523,-0.04386769308468963,-0.0818197543910767,18.2717990038509
2025-11-03,269.424736694289,269.8531467885877,265.2700709373508,268.05975341796875,50194600,258.17380599975587,248.15750762939453,66.46185590597055,-0.004882360444995126,-0.03687964079709627,-0.07424555732371318,17.731418029077265
2025-11-04,267.3424445625432,270.49081837885313,266.6350661079627,269.0461730957031,49274800,258.8493110656738,249.01195190429686,67.45338358869213,0.003679849978061922,-0.037900044861081006,-0.07446387718839564,17.712923372435796
2025-11-05,267.6214146886098,270.7000692568828,265.94760492323326,269.14581298828125,43683100,259.4510887145996,249.8255471801758,67.55771940076318,0.00037034495392229694,-0.03602034215595895,-0.07178363874063565,17.592471880470743
2025-11-06,266.90407480138714,272.3937751745226,266.90407480138714,268.7771301269531,51204000,260.2346939086914,250.60825561523438,66.70561205227986,-0.0013698257358518706,-0.03178260075262673,-0.06759829046145749,17.75132823148786
2025-11-07,268.80702532983145,271.2878818962731,265.7881780523408,267.48193359375,48227400,261.39042510986326,251.32381225585937,63.66749501226693,-0.004818849477972176,-0.022773532410373942,-0.060408271769230915,17.69143790297135
2025-11-10,268.2298830249396,272.9869540449525,266.7339548671466,268.6986083984375,41312400,262.4879295349121,252.07207183837892,65.267783043501,0.004548624231703657,-0.023113922697790668,-0.061878015145519716,17.53667327920417
2025-11-11,269.07757258136417,275.16101963639426,269.0675899882029,274.5028076171875,46208300,263.8701644897461,252.98463684082031,71.67687452644198,0.021601151019521758,-0.03873418716456012,-0.07838961999388983,17.648670015236966
2025-11-12,274.2534760098269,274.9815052844664,270.9624464716027,272.7276306152344,48398000,265.0854293823242,253.68734252929687,67.57008481469774,-0.006466881039806083,-0.02802136774946662,-0.0698142980342159,17.69496906918103
2025-11-13,273.36590026791555,275.9488963676571,271.3513946141157,272.2090759277344,49602800,266.36891860961913,254.35357391357422,66.37373754052624,-0.0019013646924230798,-0.021454675227896125,-0.06559480778995186,17.71955786187488
2025-11-14,270.31417782757546,275.21085247368256,268.8681323529343,271.6705017089844,47431300,267.3843704223633,255.0108270263672,65.08484021537399,-0.001978531453862953,-0.015776947661444662,-0.061323090206028885,17.674792927374263
2025-11-17,268.0902717401977,269.7557213346742,265.00866346949266,266.73394775390625,45018300,267.6573257446289,255.60541564941406,54.61587097246105,-0.01817110773537789,0.0034617940404593206,-0.041721468895138836,17.62257965394797
2025-11-18,269.25711627506445,269.9751630894399,264.5998097936244,266.71405029296875,45677300,267.9028854370117,256.26994659423826,54.57776454101262,-7.459665747477917e-05,0.0044573397717033725,-0.039158430863534543,17.63711203662774
2025-11-19,264.8091896065648,271.47104873805114,264.77927226211665,267.8309631347656,40424500,268.4194931030273,257.1074594116211,56.416047397162544,0.004187679053915705,0.0021973933161922865,-0.04003832715095279,17.51494661950463
2025-11-20,270.0948061865016,274.68232536305425,265.1981613886433,265.5272521972656,45823600,268.7646255493164,257.83433654785154,51.76281146755659,-0.008601361510023886,0.012192245147197411,-0.028972226337426465,17.640309822036894
2025-11-21,265.2280517805383,272.5879921198442,264.9488130991126,270.75299072265625,59030800,269.2096374511719,258.58522552490234,59.8522441681399,0.01968061086817685,-0.005700226126274965,-0.044940464610482844,17.893569916496315
2025-11-24,270.164627965921,276.24807542504453,270.164627965921,275.1710205078125,65585800,269.5771545410156,259.3720690917969,65.17028478113843,0.016317565960635383,-0.020328688524226646,-0.057415026432869,17.9988697823153
2025-11-25,274.52277261748515,279.6189174225992,274.50283786370125,276.2181701660156,46914200,269.98756408691406,260.1509622192383,66.3093905262352,0.0038054503569113773,-0.02255682917368096,-0.05816854096571722,17.663830980760878
2025-11-26,276.2081750495132,278.7712060098946,275.8790842359358,276.79656982421875,33431400,270.39202270507815,260.92468505859375,66.95231377846221,0.002093995691360595,-0.023138101469999617,-0.05734133474162828,17.325006165983595
2025-11-28,276.50736791500816,278.242634823177,275.2407959413455,278.0930480957031,20135600,270.77661895751953,261.74645568847654,68.40762039136118,0.00468386682792965,-0.02630928456602666,-0.05878101778941647,16.818000000344707
2025-12-01,277.2553332443013,282.65065109438723,275.3904143522869,282.3315124511719,46587700,271.42444763183596,262.5011569213867,72.64821785276808,0.01524117335723596,-0.03863211982481851,-0.07023783975660436,17.65684713722238
2025-12-02,282.231773534172,286.619823290159,281.86278279875575,285.4131164550781,53669500,272.29211578369143,263.10666900634766,75.24946858679364,0.010914842545035386,-0.04597196104493617,-0.07815494860847205,17.79835544655063
2025-12-03,285.4231155973949,287.8365294074879,282.5309633672564,283.378662109375,43538700,273.008740234375,263.7043704223633,70.48361640445441,-0.007128103890149506,-0.0365938698341286,-0.0694275692480264,17.589160778690797
2025-12-04,283.3287830094401,283.95707766942763,277.8337308175164,279.9380187988281,43989100,273.54835052490233,264.2755029296875,63.194230425898624,-0.012141504532966252,-0.022825296475780243,-0.05594994183478952,17.599452456653243
2025-12-05,279.7784866384076,280.3768640337961,277.2952250127556,278.02325439453125,47265800,274.0106567382812,264.7174758911133,59.50595316566087,-0.006839958404052604,-0.014432597247983847,-0.047858509290508056,17.671297568698975
2025-12-08,277.374989388386,278.9108174051644,275.4003533668138,277.1356506347656,38211800,274.493342590332,265.1697927856445,57.82125494891635,-0.003192552226246703,-0.009534349111640972,-0.0431768984672809,17.458654952570345
2025-12-09,277.40493251311347,279.2698514894354,276.16830825817004,276.4275817871094,32193300,274.8797912597656,265.6284725952148,56.44830827706321,-0.0025549540307587826,-0.005599262263690341,-0.03906668474281083,17.28726894539233
2025-12-10,276.99605153243056,278.9906225605669,275.6896099437804,278.02325439453125,33038300,275.0558135986328,266.11508026123045,58.82127700699571,0.005772479710981937,-0.01067335465287178,-0.04283157593861697,17.31317808277671
2025-12-11,278.34237127554803,278.8310314000742,273.0667227973629,277.2752685546875,33248000,275.28319549560547,266.57038848876954,57.24667245136878,-0.002690371499580846,-0.00718445993927197,-0.03860741032446835,17.319505202958087
2025-12-12,277.1456542987284,278.4620785577588,276.06859927253834,277.5246276855469,39532900,275.5489730834961,266.99720794677734,57.65364922831453,0.0008993197704185718,-0.007118844257271939,-0.03793328118864381,17.492643819880936
2025-12-15,279.3894873363706,279.3894873363706,272.0993337942639,273.3658752441406,50409100,275.6337417602539,267.323117980957,49.235766254592825,-0.014985165374650555,0.008296084923137714,-0.02210501679401966,17.735682292136648
2025-12-16,272.07941349564567,274.752131096348,271.0522107383373,273.8645324707031,37648600,275.9902709960937,267.6855032348633,50.1751558869419,0.0018241385327160131,0.007762007391804104,-0.022562356578615494,17.44380635348527
2025-12-17,274.2634587890498,275.41033087528734,270.9026119684932,271.10205078125,50138700,276.2096710205078,267.9968228149414,45.18655112701805,-0.010087037063657212,0.01884021247548251,-0.011454092498968782,17.730303742899704
2025-12-18,272.8672697170699,272.88723490520505,266.22537510199504,271.4511413574219,51630700,276.39067993164065,268.28364044189453,45.918303389947155,0.0012876722074433022,0.01819678690433224,-0.011668769929232603,17.759627034141154
2025-12-19,271.4112306527045,273.8545921928022,269.1673383776201,272.9271240234375,144632000,276.7606735229492,268.6800823974609,49.01734366570978,0.005437378743868182,0.01404605538283743,-0.015561082985697916,18.789703150258088
2025-12-22,272.1192896847017,273.13654030849926,269.7756932559407,270.23443603515625,36571800,276.73474578857423,269.19742492675783,44.05731282355712,-0.009865959632689436,0.02405433537187074,-0.0038374498957768344,17.41478803693042
2025-12-23,270.1048034873943,271.7603010837797,268.8282792538215,271.62066650390625,29642000,276.5572280883789,269.6948678588867,47.02902446990353,0.005129732868573544,0.018174469741247146,-0.007090029892816929,17.20470286623491
2025-12-24,271.60070067851706,274.6823088952694,271.46109654935304,273.06671142578125,17910600,276.3996551513672,270.2190399169922,50.012067675913144,0.005323766193815027,0.012205602463161602,-0.01042848281989528,16.700903330146133
2025-12-26,273.4157529954652,274.6224597374741,272.11926379011726,272.6578063964844,21521800,276.19271697998045,270.70374938964846,49.16885520662442,-0.0014974546958207435,0.012964641028307078,-0.007166701121311125,16.88457697934716
2025-12-29,271.9497734782625,273.6152231466168,271.6107000753325,273.0168762207031,23715200,275.9389083862305,271.2333010864258,49.966598893707435,0.001316924789223295,0.010702752906619706,-0.006532838405328145,16.981626792906226
2025-12-30,272.06942798009953,273.3359694836473,271.54086793463244,272.33868408203125,22139600,275.43926696777345,271.65284545898436,48.42090009572953,-0.0024840667289872664,0.01138502558383614,-0.0025183297971738128,16.912878463402155
2025-12-31,272.3187639976345,272.9370761103812,271.0123224859311,271.1220092773437,27293600,274.7247116088867,271.8497888183594,45.69019655661601,-0.00446750636542359,0.013288121982961698,0.0026843248283514587,17.122162837075848
2026-01-02,271.5209292436992,277.0857683126949,268.2697691424855,270.2743225097656,37838100,274.0694946289062,272.01921813964844,43.83533460187145,-0.0031265878039098416,0.014041926306201269,0.0064560170336558365,17.448827115899213
2026-01-05,269.9053450243044,270.7729784841199,265.41756056202854,266.5345153808594,45647200,273.3993194580078,272.1999322509766,36.747482545320985,-0.013837078913669698,0.02575577901173176,0.021255846966092617,17.636452848777147
2026-01-06,266.27521573774703,266.82371056256306,261.40845786144683,261.6477966308594,52352100,272.5805465698242,272.26039611816407,29.936060526348186,-0.018334281183122636,0.041784223218164884,0.040560630068202874,17.77350262819086
2026-01-07,262.48552563718374,262.964203143993,259.1047135716701,259.623291015625,48309800,271.7049285888672,272.21580688476564,27.649494643032455,-0.0077375221244099235,0.046535260861919614,0.04850302844509735,17.69314501729213
2026-01-08,256.3222864925608,258.58614386359903,255.0058776573516,258.3368225097656,50419300,270.800390625,272.0261297607422,26.276041442830433,-0.004955135191556992,0.04824541849725361,0.0529901510670594,17.735884616081737
2026-01-09,258.3767027680543,259.5036402038468,255.52448097015204,258.6659240722656,39997000,269.83252410888673,271.83924865722656,27.271327221857945,0.0012739243260126987,0.04316996943710838,0.050927947437253485,17.504315034267446
2026-01-12,258.45648066308013,260.5906555331263,256.1028713590674,259.54351806640625,45263800,268.94593658447263,271.6559710693359,29.985728844449483,0.0033927700267757377,0.036226751444667915,0.04666829321405208,17.628018176083987
2026-01-13,258.0176775418968,261.0992857475004,257.6885867541948,260.3413391113281,45730800,268.0867721557617,271.454775390625,32.453845056710165,0.0030739393950796057,0.029751068619653376,0.042687943133550954,17.638282611334763
2026-01-14,258.78560808748875,261.10930037675524,256.0131555781144,259.2543334960937,40019400,267.3811950683594,271.25236328125,30.857765657508196,-0.004175309303335761,0.03134706163894507,0.04627899415743841,17.504874919491606
2026-01-15,259.9424426175537,260.3313985459844,256.35220896361545,257.5090637207031,39388600,266.56342163085935,271.0413494873047,28.439388402036414,-0.006731882749481111,0.035161317350664856,0.05255071635567288,17.488987017687773
2026-01-16,257.1999111311508,258.1971965798445,254.2379721311412,254.8363494873047,72142800,265.7501365661621,270.75715301513674,25.18429129338331,-0.010379107417738509,0.04282664973350325,0.062474617768864205,18.094158059966198
2026-01-20,252.04394930256512,254.09835490933511,242.75922413209136,246.0303192138672,80267500,264.4790954589844,270.29484313964844,17.91046543161768,-0.03455562870506512,0.074985783476061,0.09862412081288552,18.20087537719508
2026-01-21,248.02490552393743,250.8771427168815,244.51445623630568,246.97775268554688,54641700,263.18162689208987,269.8588555908203,20.56860978670271,0.0038508809593345017,0.06560863895775193,0.09264438864016133,17.81630790378178
2026-01-22,248.52352576906395,250.31864258405668,247.47637302553755,247.67584228515625,39708300,262.05369720458987,269.4627337646484,22.558421991470638,0.00282652826830998,0.05805109931908481,0.0879653472800479,17.497070816999475
2026-01-23,246.6486524137701,248.7329754164565,244.01580413580567,247.3666839599609,41689000,260.84099807739256,269.0360952758789,22.292088885257343,-0.0012482377059583882,0.054471014049784605,0.08760036302797114,17.545747886988917
2026-01-26,250.7973351598156,255.863546959882,249.12190294519743,254.7166748046875,55969200,259.9234962463379,268.6403726196289,40.32925909459278,0.02971293759961746,0.02044161987291515,0.054663471975746614,17.84031211526091
2026-01-27,258.4664593428383,261.23891141767155,257.50904348719195,257.5688781738281,49648300,259.1690498352051,268.33719757080075,45.60563195792685,0.011197552619307993,0.0062125970836315325,0.04180753308909191,17.720474728333198
2026-01-28,256.95060341967536,258.15731035497566,253.8191275531099,255.743896484375,41288000,258.3054008483887,268.0078939819336,42.98643485482577,-0.007085412268719393,0.01001589636830369,0.04795421382933318,17.536082483030814
2026-01-29,257.29964922744847,258.94516415300217,253.7193980705993,257.5788879394531,67253000,257.5674110412598,267.72606170654296,46.32443641217431,0.007175113386098886,-4.455682794946014e-05,0.039394431151807074,18.023972199985895
2026-01-30,254.47732177254832,261.1890484668085,251.4954328536096,258.775634765625,92443400,256.9500923156738,267.5668954467773,48.44444079791253,0.0046461370951069725,-0.007054537617517842,0.03397252097986203,18.342107134125946
2026-02-02,259.3241487899344,269.7557466562268,258.50636737104884,269.2770690917969,73913400,256.9002296447754,267.6181558227539,62.457062941784216,0.040581232988504023,-0.04596321361029898,-0.006160618409276508,18.11840470912656
2026-02-03,268.4692659190308,271.1419837262723,266.88355520832346,268.7485046386719,64394700,257.010929107666,267.63650665283205,61.550270501867075,-0.0019629018353019,-0.04367494266353911,-0.004137689946721368,17.980541905080486
2026-02-04,271.5508302866565,278.19275421850585,271.5508302866565,275.7394104003906,90545700,257.71550979614256,267.8407498168945,68.13905325668821,0.026012817340576033,-0.06536570372032147,-0.028645381420185023,18.32136526463435
2026-02-05,277.37501624935936,278.7412924914769,272.48832346973,275.1610412597656,52977400,258.4923973083496,267.92891082763674,67.11438365146824,-0.002097520770734884,-0.060577776109227544,-0.026283264516728577,17.78537598435726
2026-02-06,276.3677049075235,280.1474248180158,276.1782182606431,277.364990234375,50453400,259.4438056945801,267.972790222168,69.0258566560988,0.008009669408572728,-0.06461228046355605,-0.03386224052383302,17.736560715772196
2026-02-09,277.41494619870406,277.70443813431814,271.2160169672847,274.1307983398437,44623400,260.21704940795894,267.93104278564454,63.218784081036695,-0.011660418612307155,-0.050755876450757964,-0.022616048950885204,17.613768965489324
2026-02-10,274.4003102195724,274.87943562430115,272.4537718732244,273.19244384765625,34376900,260.89949569702145,267.8589602661133,61.599552948487215,-0.003423017398519912,-0.04499739442826567,-0.019522807828891264,17.352895414240102
2026-02-11,274.2106536370846,279.6808719096702,273.9610989943363,275.0092163085937,51931300,261.6328895568847,267.7972836303711,63.546355661703444,0.0066501563343037695,-0.04863955808920639,-0.026224330860715295,17.765432268462582
2026-02-12,275.0990585104662,275.22883180172755,259.71650632997444,261.2637634277344,81077200,261.73336105346675,267.37592864990233,44.97026542685095,-0.04998178993912428,0.001797408180802984,0.023394615242379624,18.210912357491907
2026-02-13,261.5432690161623,261.7628783299504,254.9949421084194,255.3243560791016,56290700,261.62412567138665,266.77415344238284,39.5854808944494,-0.022733375921363153,0.02467359436063088,0.044844125092923015,17.84603991072916
2026-02-17,257.5903108294174,265.8156532326085,255.08478749757865,263.4099426269531,58469100,262.0528053283691,266.37477905273437,48.60735832360472,0.03166790145686904,-0.005152187062680502,0.011255598008994339,17.88400898462746
2026-02-18,263.1304558468116,266.3447212846438,261.9825104325609,263.8791198730469,34203300,262.9452453613281,266.05360107421876,49.082510450415576,0.001781167564954833,-0.0035390238991552803,0.008240444345191333,17.34783271784287
2026-02-19,262.1322047157328,264.00886051677537,259.5867290635135,260.11578369140625,30845300,263.60214691162105,265.69545166015627,45.452481474440816,-0.01426159138112626,0.013403120605518293,0.02145070894801826,17.24449497904803
2026-02-20,258.50868117461044,264.2783836675007,257.7001265171608,264.1086730957031,42070500,264.4237884521484,265.434912109375,49.70284154396089,0.015350431056632585,0.00119312763474122,0.005021565547721707,17.55485736421935
2026-02-23,263.0206001676805,268.95002088588865,262.91081074777924,265.705810546875,37308200,265.3407447814941,265.2204766845703,51.33625434102007,0.006047273769737682,-0.0013739472412346299,-0.0018265835485711257,17.43472372639881
2026-02-24,267.38283777638213,274.4003442568012,267.233111068832,271.6552429199219,47014600,266.1876731872558,265.09311645507813,56.945323057085595,0.02239105106810335,-0.020126869902811984,-0.024156082519556255,17.665968771004106
2026-02-25,271.29586819299504,274.45024283739696,270.567157599074,273.74151611328125,33714300,266.99630508422854,265.02244140625,58.74122208687626,0.007679856169661159,-0.024640803940975342,-0.03185148833406437,17.3334326673243
2026-02-26,274.4602128097023,275.61811956353745,270.3175813011377,272.4637756347656,32345100,267.83229904174806,264.92122436523437,57.1684205194311,-0.004667689785084916,-0.016998504047840868,-0.02768276719339735,17.29197313003998
2026-02-27,272.3240439665745,272.3240439665745,262.4217314181026,263.7094116210937,72366500,268.1388252258301,264.72809509277346,47.73744245808077,-0.032130377674157495,0.016796570048477122,0.003862901461944901,18.09725405691017
2026-03-02,261.94253069595567,266.0551862059976,259.73647625260065,264.2484130859375,41827900,268.4124641418457,264.5357727050781,48.30292157273217,0.0020439219879579973,0.015758092952308456,0.0010874601507906423,17.549074162862205
2026-03-03,263.0106738027697,265.08695529305965,259.6666350681776,263.2801818847656,38568900,268.1126197814941,264.37933532714845,47.31259933592601,-0.003664094667077511,0.018354734724558952,0.004174843068377676,17.467956836130547
2026-03-04,264.17854815272653,265.67587606267574,260.9543215497597,262.0523376464844,39803100,267.77781143188474,264.1913592529297,46.023946673274466,-0.004663640952734749,0.021848588861375307,0.008162574032561931,17.499455381792348
2026-03-05,260.3254337562426,261.09405110124777,256.79173142961054,259.8263244628906,49658600,266.98215713500974,263.92934326171877,43.70008391259788,-0.008494536639458317,0.027540830156111307,0.015791389911356646,17.720682166080817
2026-03-06,258.16927189629365,258.3090066542827,253.916851068475,257.0013427734375,41120000,266.07417221069335,263.66468139648435,40.87910046509269,-0.010872576884936036,0.035302653827976815,0.025927252173623794,17.53200520343025
2026-03-09,255.2345148744848,260.68477987096253,253.2280857512349,259.41705322265625,38218500,265.1767753601074,263.42060913085936,44.19647008115638,0.009399602442343502,0.022202557873123308,0.015432894092613392,17.458830275703757
2026-03-10,257.19102845716964,262.01244158439727,256.4922936817907,260.3653564453125,30590800,264.48850326538087,263.16658203125,45.48953330931579,0.003655516130785408,0.015836003976721136,0.010758826074950045,17.23620990081205
2026-03-11,260.624897946549,261.6630538494394,259.08763272962494,260.34539794921875,26218900,263.846150970459,262.9203338623047,45.46565482202691,-7.665572857407099e-05,0.013446571550010944,0.009890460647159927,17.081991120852358
2026-03-12,258.1992408199258,258.4887327594216,253.7272102811576,255.3043975830078,40794000,262.8609100341797,262.56608428955076,39.7851157171101,-0.01936274044373243,0.029598050494664907,0.028443249608271826,17.52404559425006
2026-03-13,255.024890934378,255.87336762960535,249.0755164384504,249.6744384765625,36930000,262.2814437866211,262.11279937744143,34.587559270659,-0.022051947243152514,0.05049377656352294,0.04981831931524128,17.424534813907
2026-03-16,251.66090222791988,253.43773019062647,249.4348789230203,252.36964416503903,32074200,262.13370819091796,261.7377520751953,38.7152073957116,0.010794880344667579,0.03868953438589329,0.037120581364492145,17.283562557789377
2026-03-17,252.5093881906664,254.67552076289968,251.7307636559193,253.7771148681641,32361600,261.65206680297854,261.4078079223633,40.81551226169513,0.00557702059525278,0.031030977473699428,0.030068483748675767,17.29248312359081
2026-03-18,252.1799767808244,254.48585937367065,248.5564382882904,249.4947662353516,35757900,260.93284912109374,261.06701293945315,36.69489218200497,-0.01687444762321122,0.04584498127288361,0.04638272328801207,17.39228180967885
2026-03-19,248.95572868612365,251.3814079598573,246.85947863088072,248.5165252685547,34864100,260.3528861999512,260.80438751220703,35.80561535902817,-0.00392088772665522,0.04762806384245777,0.04944484971522001,17.36696823313343
2026-03-20,247.53824109812177,248.75606899357115,245.56177255944445,247.54823303222656,88331100,259.52486419677734,260.56288635253907,34.903938185789,-0.003896289131202657,0.04838100041292415,0.052574212148055244,18.296602823264937
2026-03-23,253.51758537106093,254.1464679788293,249.83415620831627,251.04200744628903,40546100,258.791674041748,260.4169900512695,40.706017336183464,0.014113509804804858,0.030869999305263907,0.037344278355431415,17.51795018100505
2026-03-24,249.9040313986812,254.3760464402864,249.10545347620703,251.1917266845703,45152300,257.7684982299805,260.26750610351564,40.9489155067695,0.0005963911769359953,0.026182277705622203,0.03613088511606155,17.625551799983825
2026-03-25,253.6473574345128,254.5457480998694,251.15181088451408,252.16998291015625,28476700,256.6899215698242,260.12003540039063,42.603388086164564,0.003894460372950048,0.017924174033347784,0.03152656156171796,17.16459680212442
2026-03-26,251.67088153367663,256.5421934269488,250.32329549316128,252.43951416015625,41796700,255.68870849609374,259.96199890136717,43.076608695156885,0.001068847476965784,0.012871179643754616,0.02979915710199954,17.54832797093539
2026-03-27,253.4477020992108,255.03488128462607,247.6281009352486,248.35679626464844,47900000,254.92107772827148,259.7440481567383,37.96989282825492,-0.016173054004998577,0.026430850946507434,0.04585037358895394,17.68462608325797
2026-03-30,249.62453299565456,250.4230956915925,245.07264337813007,246.19065856933597,39446200,254.0181900024414,259.51768005371093,35.56111403801242,-0.008721878071757061,0.03179459155190045,0.054132929177008515,17.490448301506298
2026-03-31,247.4683905467953,255.0248978486836,246.65983587287727,253.33790588378903,49598100,253.52107620239258,259.48771118164063,47.41491344493861,0.02903135056377515,0.0007230276810117342,0.0242751090737785,17.719463104671895
2026-04-01,253.6273948962928,255.7236449097363,252.8787309132899,255.1746368408203,40059400,253.17719116210938,259.6705975341797,49.962319288702425,0.007250122916362178,-0.007827759464812956,0.017619151922861453,17.505873935519013
2026-04-02,253.7471740568136,255.6737439434535,250.20349485503917,255.464111328125,31289400,252.9590805053711,259.84032470703124,50.37038106825432,0.0011344171618641319,-0.009805803287712522,0.01713044292662036,17.258789971965502
2026-04-06,256.0530752925303,261.6930045642991,256.0031460821725,258.3988647460937,29329900,253.0289566040039,260.05478515625,54.42801359971665,0.011487928393195013,-0.020781469560117283,0.0064083888750186,17.19411806556437
2026-04-07,255.7036812801697,255.7436185540334,245.2623079794448,253.0484161376953,62148000,252.71052474975585,260.16841979980467,46.899589475891936,-0.020706161436335302,-0.001335283552044042,0.028136922454535362,17.945029211284652
2026-04-08,257.9896321241455,259.28730423338584,256.07303883918246,258.4388122558594,41032800,252.61419754028321,260.2428625488281,53.82858033823034,0.02130183701774646,-0.022537693408874238,0.00698057028362542,17.529882329209894
2026-04-09,258.5386343954405,260.6548530924392,255.61386101634736,260.0259704589844,28121600,252.59822616577148,260.29200439453126,55.66309709601929,0.0061413306665165646,-0.02856539398776914,0.001023105250130607,17.152048557852172
2026-04-10,259.5168819122501,261.7229364827484,258.5585701252562,260.0159912109375,31291500,252.83380584716798,260.3774462890625,55.64812573511996,-3.837788982874457e-05,-0.02762209097340862,0.001390126339698039,17.25885708509215
2026-04-13,259.2673359057164,259.71651601158027,256.2027973984465,258.73828125,36234700,253.28699798583983,260.40063415527345,53.65814569967495,-0.004913966848681062,-0.02106871560645862,0.006424843271132463,17.405527808801118
2026-04-14,258.7881922504944,261.4634109961452,256.7318642110386,258.3689270019531,48370700,253.58696212768555,260.3925,53.06737185603021,-0.0014275206833038734,-0.01850828166434826,0.007832106676015194,17.694404837148152
2026-04-15,257.7001261657452,266.08515659729386,257.35074355126085,265.95538330078125,49913500,254.1958755493164,260.32606628417966,62.25878046522983,0.029362881933440832,-0.044216092208840374,-0.021166396208025406,17.725802085248933
2026-04-16,266.3247234477873,266.68409800240715,260.80457553569033,262.9307861328125,43323100,254.86767654418946,260.2097119140625,57.4297762235977,-0.011372573588962043,-0.030666281827302577,-0.010349013361164672,17.584196561099258
2026-04-17,266.4844323486072,271.8149160854778,266.24486962975914,269.7486267089844,61436200,255.92928161621094,260.0898962402344,64.17514114032639,0.025930172257302875,-0.05123045578164254,-0.035806412016214706,17.93350981220968
2026-04-20,269.84841238867654,273.7913879220191,269.80850557942483,272.5635681152344,36590200,257.1800483703613,260.03794677734373,66.53302889015981,0.010435424419368289,-0.05644011725869846,-0.045954862656461315,17.415291030284482
2026-04-21,271.0163536236942,272.3140256362382,264.9272139873882,265.69586181640625,50209800,257.91274108886716,259.8045642089844,56.72387462489027,-0.025196714096157535,-0.029293345686042915,-0.022173087556375592,17.73172080464912
2026-04-22,267.3429346055621,273.2523721409737,266.39461467279705,272.68341064453125,43249200,258.98732528686526,259.77561645507814,62.74260133021929,0.026299050276339386,-0.05022705754373935,-0.047336191662497806,17.582489317183075
2026-04-23,274.56001085217736,275.2787294551341,271.1660737405759,272.9429016113281,33399600,260.02597122192384,259.77062561035154,62.94868423174924,0.0009516199250387825,-0.04732466136011859,-0.04826018893773598,17.324054511767788
2026-04-24,272.2741016414235,272.5735550213531,269.16962610782736,270.5771179199219,38157100,260.93285140991213,259.68198364257813,59.70614006931026,-0.008667687188198547,-0.0356433189330666,-0.04026628105547414,17.457222432056845
2026-04-27,265.6159889280984,267.88193422863776,264.59781690250213,267.1332702636719,41466800,261.8716751098633,259.7993737792969,55.245000543346315,-0.012727786010601316,-0.019696517579465667,-0.027454073680661772,17.540403689145837
2026-04-28,271.8548539018017,272.7432830913257,268.181416710472,270.2277526855469,40018900,263.07352981567385,260.0974417114258,58.26272559020333,0.011584039752220443,-0.02647478950172122,-0.03748804803890482,17.50486242547343
2026-04-29,267.07336249706583,270.5571659728108,266.56429174844374,269.688720703125,30047900,263.8910705566406,260.2230172729492,57.534977199184894,-0.001994732136373578,-0.02149756256534907,-0.03509862557654264,17.218303366256265
2026-04-30,270.018146234023,275.50834883767226,267.6623648300734,270.8666381835937,91848200,264.6756706237793,260.36276763916015,58.747597186842434,0.0043676927881806105,-0.02285614648348888,-0.03877875331887126,18.335647783151614
2026-05-01,278.3632420760759,286.70836594964845,277.8741246788477,279.6409912109375,79915400,265.88451461791993,260.7532717895508,66.43622851398331,0.032393627676644776,-0.04919334799039121,-0.0675427423554632,18.196479145603746
2026-05-04,279.16179801165765,280.13007120517506,274.3703307853319,276.3368225097656,46668400,266.7814125061035,260.99783477783205,61.7675701324712,-0.011815752357562936,-0.03457885169583019,-0.05550830176239541,17.658577855500607
2026-05-05,276.43668191704,284.0630869835518,276.00745521106614,283.6737670898437,49311700,268.31268005371095,261.3571939086914,67.26800809107644,0.02655073078369341,-0.054150537759339756,-0.07866985167537299,17.71367195365076
2026-05-06,281.4178249779708,287.5169265187869,280.5693330033821,286.99786376953125,58336100,269.74063262939455,261.6640463256836,69.41493781625174,0.011718026357490974,-0.06013017279457811,-0.08827179795383955,17.88173168780845
2026-05-07,288.75470528792926,291.6096265406606,285.2709318587503,286.927978515625,45224300,271.0857330322266,261.92777557373046,69.3120058082471,-0.0002435044393305219,-0.055213317172329024,-0.08713058611861069,17.627145133073117
2026-05-08,289.49338424193445,294.2349225642168,289.48339230776435,292.7974853515625,52692800,272.7248077392578,262.3344497680664,72.94117480364132,0.020456376775462637,-0.06855481558594456,-0.1040413156107508,17.779989400764936
2026-05-11,291.72841688276577,293.6267735875138,289.979924827367,292.42779541015625,42247300,274.40928344726564,262.9088174438477,72.36072813633285,-0.0012626131025762488,-0.061616960650467734,-0.10094450127391463,17.559051028070133
2026-05-12,292.3078994315659,295.0155556946294,292.3078994315659,294.54595947265625,45748100,276.21813507080077,263.514768371582,73.65434370663148,0.007243374589372076,-0.062223988523451235,-0.10535262869207673,17.638660840627594
2026-05-13,293.24708951115105,300.6607090744109,293.24708951115105,298.6124572753906,52684300,277.8509887695312,264.2214138793945,75.97878819565712,0.013805987391627639,-0.06952646482096514,-0.11516948659740445,17.779828075394295
2026-05-14,299.5616620172475,300.1911240450107,295.12548538387824,297.9530334472656,35324900,279.6021011352539,264.93942779541015,74.82589034855954,-0.002208293097152536,-0.06159001672073805,-0.11080137453172967,17.380098683983167
2026-05-15,297.643304079477,302.93875555297063,296.26448829773227,299.9713134765625,54862800,281.1132354736328,265.7423275756836,76.02499908739972,0.006773819369938039,-0.0628662713923247,-0.11410753083078828,17.820346099406958
2026-05-18,299.98126929450746,300.4009207908792,294.6558756451712,297.5833435058594,34483000,282.3642242431641,266.55396759033204,71.67485735113516,-0.007960661114649215,-0.051142376059752914,-0.10427121205766132,17.355977035935233
2026-05-19,296.7140952726279,300.2510533099592,296.09463441963413,298.7123718261719,42243600,284.01504974365236,267.33987396240235,72.47673407621996,0.0037939903054091673,-0.04920225430459324,-0.10502577336176067,17.558963444675594
2026-05-20,297.9230626302997,302.5390768782648,297.82314269813475,301.98956298828125,38229800,285.48035736083983,268.1723580932617,74.71437699526454,0.010971059357449242,-0.054668133110554074,-0.11198136968836836,17.459125900322924
2026-05-21,300.80056674721834,305.27671719779084,300.1411318265125,304.7271728515625,42965100,287.06957092285154,269.05999359130857,76.43768623827125,0.00906524661379593,-0.05794561004676879,-0.11704627101839715,17.57589873947731
2026-05-22,305.85620846339293,311.13165741506583,305.5764509618376,308.55389404296875,43670200,288.9684097290039,270.12498352050784,78.63014339127794,0.012557860054279724,-0.0634750839062086,-0.12454521321681766,17.592176528153235
2026-05-26,309.2932516306072,311.5513139598484,307.4048960873393,308.0643005371094,48000500,291.0149612426758,271.29278076171875,77.63482219452251,-0.001586735786880733,-0.05534344377036904,-0.11936313201912574,17.686722006317694
2026-05-27,308.0643052358437,312.9900803339556,308.0343323058515,310.5821533203125,50430900,293.0326812744141,272.4570309448242,79.10002997813639,0.008173140408717527,-0.056505088454967156,-0.12275374475934142,17.736114660242702
2026-05-28,310.412282475935,312.5304508120942,309.30325358892543,312.24072265625,48220400,295.1602813720703,273.6263031005859,80.02820921943741,0.00534019523725493,-0.05470279833737057,-0.12366874899330549,17.691292746734153
2026-05-29,311.5113496628706,314.7285763294451,309.2632884033746,311.7911071777344,70026800,297.20650482177734,274.8722299194336,79.00390944737217,-0.0014399642515899869,-0.04677683878791061,-0.1184090129846308,18.064388598165642
2026-06-01,309.363197507879,310.6720662449624,304.7571540774977,306.0460510253906,48849900,298.5267578125,276.0228204345703,67.17303940118452,-0.01842597822736758,-0.024569156137442816,-0.09810036917721743,17.704262909838935
2026-06-02,307.1950545511415,315.1781903378333,306.42572903356995,314.92840576171875,44534700,300.45633697509766,277.3704238891602,73.72449367505106,0.029022935295418106,-0.04595351998057284,-0.1192587940161095,17.611779241004978
2026-06-03,313.9092501546009,316.6668815001487,308.5838566628498,309.9926452636719,50836700,301.77228088378905,278.5494366455078,65.85888943606687,-0.01567264307615801,-0.026517933588039777,-0.10143211169226063,17.744129112329578
2026-06-04,312.96009909963743,313.26982953176514,309.3831669286496,310.9618225097656,44869100,302.9704788208008,279.7448385620117,66.61214547097688,0.00312645238815068,-0.02569879358329874,-0.1003884775815963,17.61925994209288
2026-06-05,312.5903972939029,314.8984348439246,306.8853260765596,307.0751647949219,65310500,303.97783813476565,280.842942199707,60.81720227814246,-0.012498826008526143,-0.010086542368949791,-0.08542606372200068,17.994663392956443
2026-06-08,308.4739595974908,317.1265012321255,300.9105055796523,301.2801818847656,77949100,304.40197296142577,281.8197555541992,53.36306969717812,-0.018871545388655542,0.010361753823735276,-0.06459245413629522,18.171566620367557
2026-06-09,300.0212482417878,300.4908444635933,287.5320194610898,290.29962158203125,70108800,304.29556427001955,282.6586120605469,42.68676532110034,-0.036446341189923515,0.04821205970478126,-0.02632111430198747,18.06555889333958
2026-06-10,290.4894628291428,294.4960172141002,287.1323727394638,291.3287353515625,52793300,304.1347030639648,283.5613735961914,43.821191493721,0.0035450055495178656,0.04395710466716807,-0.026661845581410937,17.781894865627176
2026-06-11,293.4668864344149,296.7440586571729,289.3404406054596,295.375244140625,42572500,303.97284240722655,284.4021203613281,48.165697100967705,0.01388983748609407,0.02910737591302115,-0.037149774725442786,17.566719086372238
2026-06-12,295.7749221682621,296.88398158337014,289.3704417369658,290.879150390625,38742100,303.61914825439453,285.1162106323242,44.08617051460208,-0.015221633631081977,0.04379825039594909,-0.01981214449561497,17.47243744782309
2026-06-15,293.8665449684006,297.5233947188816,291.4486474146935,296.1645812988281,45732600,303.42881164550784,285.93022003173826,49.50099589788417,0.018170538868479413,0.02452768090911639,-0.034556330882670516,17.638321971340204
2026-06-16,294.99559499590845,300.2210994929347,293.71669913987887,298.9821472167969,39874400,303.4987518310547,286.7418856811523,52.1606714573561,0.009513514092780229,0.015106603040691668,-0.04093977399516413,17.501245097012877
2026-06-17,300.59074812548096,301.8096980081642,294.10632015937927,295.6949768066406,42745100,303.34788208007814,287.5948168945313,48.92328688203854,-0.010994537435617069,0.025881079739957347,-0.027393633803276196,17.570765150289137
2026-06-18,297.8530937792582,300.31099586682666,295.3652492546472,297.7532043457031,85962200,303.13606414794924,288.3811047363281,50.97503598657335,0.006960644246616354,0.018078259859787726,-0.03147606632805089,18.26941823434331
2026-06-22,297.05381866220307,302.1594314563154,296.5043047694293,296.75408935546875,44879900,302.7374099731445,289.1156671142578,49.92660435853849,-0.003355513813629196,0.020162554897461327,-0.025739905582433997,17.61950061329393
2026-06-23,297.2836155142734,301.3800886038737,293.9264950024863,294.04638671875,52010900,302.0120346069336,289.79627502441406,47.09933292426908,-0.009124398732296202,0.02708976626807713,-0.014453881721733564,17.76696388919082
2026-06-24,295.1054570720635,299.4417438827621,292.68755959702736,292.8274230957031,53081900,301.2501907348633,290.4780578613281,45.840806929105696,-0.004145480706800209,0.02876358897714093,-0.008023036946260276,17.78734658065284
2026-06-25,287.1523472601469,288.55113481081804,273.5141152813601,274.91290283203125,107013700,299.4667282104492,290.8089373779297,32.216268658682495,-0.06117774105404383,0.08931492529261198,0.05782207521780358,18.48846743095787
2026-06-26,274.7630284991681,285.70360492137456,273.9737007161028,283.53546142578125,261775500,298.0314651489258,291.16053894042966,41.264900221071244,0.03136469225316163,0.05112589321367489,0.026892853106645243,19.38299782799329
2026-06-29,286.4829438934296,288.12151489662153,279.6088673150861,281.4972229003906,66427000,296.5167709350586,291.53186767578126,39.90868568870533,-0.007188654692930396,0.05335593680077877,0.03564740238642239,18.01161417335665
2026-06-30,280.9277417485351,289.69017405322865,280.45814550695326,289.11065673828125,65100200,295.6700012207031,291.9191082763672,46.92555390428183,0.027046212958856453,0.02268800657998482,0.0097141059059207,17.991438194731636
2026-07-01,293.1871503157195,296.33442991747245,288.95081360688545,294.1263427734375,50164200,294.62989807128906,292.35036376953127,50.986107608593855,0.017348672275670385,0.0017120373955741286,-0.006038150092779193,17.730812202775557
2026-07-02,293.866538367699,309.15337194761725,293.4269150966668,308.3640441894531,75352800,294.5484680175781,293.2037274169922,60.27662931526526,0.04840675364798175,-0.04480281158651234,-0.04916369809687249,18.137691655537644
2026-07-06,307.0951430290638,313.9292760509671,306.7354678654279,312.3905944824219,53590000,294.6199066162109,293.99787109375,62.44468413296784,0.01305778143996239,-0.05688611686806366,-0.05887732765816933,17.79687306013123
2026-07-07,315.0183186077797,315.2081573213481,309.88273318392555,310.3923034667969,42490000,294.7857635498047,294.7468591308594,60.67480801983024,-0.006396770744445224,-0.05028004799952013,-0.050405387508621335,17.564779335625943
2026-07-08,311.6412289475945,314.5487250421545,306.7854009831778,313.1199645996094,41323500,295.37775268554685,295.59771606445315,62.24772877177632,0.008787785980344909,-0.05666266581484103,-0.055960176661242755,17.536941927571238
2026-07-09,310.24243869469103,316.2572401947346,307.8944576262147,315.947509765625,48124500,296.66014709472654,296.57400085449217,63.86138605087203,0.00903022957872146,-0.061046098085109524,-0.061318758060490586,17.689301981687297
2026-07-10,314.4488202226986,316.6369356310425,311.9010296470402,315.0483093261719,34132300,297.846125793457,297.4704119873047,62.94003143630211,-0.002846043762522954,-0.054601732570814465,-0.05579429191815988,17.345754737303583
2026-07-13,316.7468014245228,323.171283634363,315.5078797345754,317.0365600585937,43257800,298.92919158935547,298.41736877441406,64.17093293104253,0.006310939222858636,-0.057114449090324704,-0.05872884591208816,17.582688145019656
2026-07-14,313.48965629761443,315.91755515351207,311.64124426456783,314.58868408203125,36336800,300.11466827392576,299.2918096923828,61.46421181070932,-0.007721115748007268,-0.04600933390322226,-0.04862499881165361,17.40834158733814
2026-07-15,317.34631234952286,328.44675508114506,317.0465830462295,327.2178039550781,60957600,301.6673294067383,300.24334594726565,68.78061814373746,0.04014486379221993,-0.0780839986073848,-0.08243578950097608,17.92568911489375
2026-07-16,327.72736328456057,334.3915986652446,326.50841333986017,332.97283935546875,62970600,303.3668640136719,301.3760662841797,71.4415166390061,0.017587781993612772,-0.08891408500196218,-0.09489294421866523,17.95817852464679
2026-07-17,331.693929977533,334.7013154010385,328.7164869908464,333.452392578125,63407100,305.2547348022461,302.3716387939453,71.65828883326577,0.0014402172368908062,-0.08456276938925378,-0.09320896918410249,17.965086416290145
2026-07-20,333.2226134619852,333.4224228207836,323.4010672140761,326.3085632324219,53468000,306.68250274658203,303.1578527832031,63.879549483552275,-0.02142383591993391,-0.06014571083094944,-0.07094729669331135,17.794593920776276
2026-07-21,322.85156758462244,329.3159936819017,321.94234806189104,327.45758056640625,41338900,308.2176773071289,303.96844482421875,64.5461812407062,0.0035212601306020552,-0.05875540650486066,-0.07173184295064461,17.537314527442657
2026-07-22,327.58746619388995,328.7164973399543,323.0613709608057,325.60919189453125,38755900,309.79581756591796,304.62467895507814,62.54638184248048,-0.005644666001250687,-0.048565503438660396,-0.06444693043631966,17.472793586040588
2026-07-23,321.4527900194849,323.0214140443725,319.0748358849152,321.3828430175781,40840800,311.22358856201174,305.2037799072266,58.112897873885295,-0.012979820539962161,-0.03161106660261492,-0.05034202497694196,17.52519216419279
2026-07-24,321.5127284115298,334.0818750563203,321.3428614810286,332.7330322265625,47489400,314.1145950317383,305.9675213623047,65.23907639819328,0.03531672413627751,-0.05595608308028355,-0.08044139977672193,17.676017107264034
2026-07-27,334.2517370375488,339.277401491225,333.73216560461384,336.61968994140625,49604300,316.76880645751953,306.727666015625,67.29117935134903,0.011681009513348384,-0.05897124879219651,-0.08880058065226193,17.719588101645417
2026-07-28,339.73698155301014,342.59453283396704,335.31080637618777,339.78692626953125,51859000,319.68329162597655,307.5643438720703,68.90228907365817,0.009408945533389002,-0.059165415409796474,-0.09483173102399123,17.764039074487787
2026-07-29,339.43727163464206,344.2730974331505,337.0593175600121,337.8985900878906,56090800,322.12268829345703,308.32288940429686,66.78999126994123,-0.005557412706758247,-0.04668827351522875,-0.08752833409544813,17.842482382002984
2026-07-30,332.8129674612056,334.4615395264105,329.30598233808786,333.1426696777344,74817800,324.07350463867186,309.03407592773436,61.66274368823601,-0.014074993355015719,-0.027223066465294155,-0.07236717462017539,18.130566395915075
2026-07-31,304.5473560391476,310.4222943774597,299.7415030462749,308.6438293457031,132489100,324.0874938964844,309.232705078125,43.24595138094071,-0.07353858440208272,0.05003717256722884,0.0019079459118629405,18.70201094340352
2026-08-03,309.313234694189,311.5313230344714,302.29929450581176,303.1585693359375,75052000,323.62589263916016,309.25608520507814,40.34077966107742,-0.017772135672998512,0.0675135898287682,0.02011328883922725,18.133691777913498
2026-08-04,302.46913991298527,310.1525156602479,301.0603512911937,309.1134033203125,68001000,323.56194763183595,309.34380981445315,44.68513492184489,0.019642637836096544,0.04674188875773666,0.0007453785299045279,18.03503298362027
2026-08-05,309.09342362565195,311.4414048335362,305.406631186344,310.7320251464844,49438800,323.4425506591797,309.38737243652344,45.83962404833681,0.005236336596166957,0.0409051030601153,-0.0043273708570175096,17.71624611920151
2026-08-06,314.06913775687,316.0174696892129,308.96355554648414,312.14080810546875,46139900,323.25221557617186,309.4689025878906,46.87882384329609,0.004533755277783991,0.03559742008148037,-0.008559936567715032,17.647188665063887
2026-08-07,311.1816431226555,314.53873325457766,310.47223295908327,313.0599975585937,34437200,323.15279998779295,309.5184594726563,47.585490394423765,0.0029447910342257355,0.03223919538717257,-0.011312649695126131,17.35464796244407
2026-08-10,306.8299865722656,308.260009765625,304.6099853515625,308.260009765625,44812500,322.7139724731445,309.43884521484375,44.273347984149055,-0.0153324852437281,0.04688886735100373,0.0038241595142849416,17.617997698639314
2026-08-11,307.75,309.9700012207031,302.7900085449219,304.9100036621094,37476700,322.23003845214845,309.30122314453126,42.07234168269493,-0.010867469011185404,0.05680376039492807,0.014401690432197523,17.439229991183
2026-08-12,305.1000061035156,305.6600036621094,300.57000732421875,302.25,41657800,320.98164825439454,309.2253021240234,40.35674055330877,-0.008723897642456846,0.06197402234704574,0.023077922660127204,17.54499920795844
2026-08-13,304.2099914550781,306.0,302.04998779296875,305.260009765625,40349300,319.5960067749023,309.03193420410156,43.18025040563326,0.009958675816790663,0.04696323314765127,0.012356431624871433,17.513084629110104
2026-08-14,306.0,307.489990234375,304.29998779296875,305.92999267578125,28229400,318.21988677978516,308.95068115234375,43.81779014357955,0.002194794236790587,0.040172243317864176,0.009873789915602504,17.155874581442742
2026-08-17,306.2099914550781,307.6600036621094,302.94000244140625,305.5899963378906,38169300,317.18395843505857,308.84324462890623,43.550736415615944,-0.0011113534012042736,0.03793959958148796,0.01064579446317504,17.457542111742622
2026-08-18,307.5799865722656,311.489990234375,305.739990234375,310.0299987792969,53424500,316.3125793457031,308.90234130859375,48.00714963620348,0.014529279409058127,0.020264427930016815,-0.003637252766323096,17.79378001892933
2026-08-19,310.1400146484375,319.2799987792969,309.6000061035156,316.8299865722656,50505600,315.87361907958984,309.21333740234377,53.99708495931846,0.021933322000267097,-0.0030185510627405154,-0.02404017767486344,17.737594798986517
2026-08-20,317.4599914550781,320.2799987792969,310.6499938964844,311.29998779296875,40959200,315.3694763183594,309.6333447265625,49.04824339753767,-0.017454152112068244,0.01307256243163435,-0.00535381667767576,17.52808703166933
2026-08-21,312.04998779296875,312.3800048828125,307.010009765625,309.3500061035156,46876800,314.20032501220703,309.99377014160154,47.39860419452674,-0.006263995393247401,0.015679065178580753,0.0020810215787436803,17.663033462850102
2026-08-24,311.4700012207031,313.3599853515625,309.9700012207031,310.3399963378906,34673600,312.88634033203124,310.2930651855469,48.348408811371414,0.0032002269754076718,0.008205013933712202,-0.00015122495616914922,17.36148917728059
2026-08-25,310.7900085449219,313.5899963378906,308.2099914550781,309.8999938964844,25869800,311.3919937133789,310.67348205566407,47.93413189655836,-0.0014178077160482694,0.004814455780185911,0.002495928281424975,17.068586861824933
2026-08-26,310.29998779296875,315.42999267578125,308.79998779296875,313.45001220703125,34024500,310.16956481933596,311.0191906738281,51.541872979318754,0.011455367474878742,-0.01046561575990168,-0.007755053241464194,17.342591440707267
2026-08-27,310.54998779296875,315.3999938964844,309.3999938964844,314.5799865722656,32419200,309.2414306640625,311.3311474609375,52.66615866206703,0.003604958753321119,-0.01697042449004227,-0.010327545457447074,17.294261428687413
2026-08-28,316.8500061035156,322.3699951171875,315.45001220703125,319.70001220703125,38649400,309.7942398071289,311.8112481689453,57.47999768634749,0.01627575132974779,-0.030984585616742333,-0.024675519977701232,17.4700418348181
2026-08-31,319.6000061035156,321.239990234375,312.79998779296875,316.8500061035156,41242700,310.4788116455078,312.19318420410156,54.17710871503727,-0.008914626195478559,-0.020107919631620064,-0.014697244152467093,17.534984709633726
2026-09-01,316.9800109863281,327.29998779296875,314.7300109863281,325.1300048828125,53167400,311.27964172363284,312.7607025146484,61.159868342873224,0.02613223487390992,-0.04259946160358774,-0.03804417366100177,17.788956003337905
2026-09-02,326.8699951171875,328.3999938964844,323.5299987792969,324.9599914550781,33776400,311.9910400390625,313.378974609375,60.95447430722912,-0.000522909067699362,-0.039909378868285716,-0.03563828517426604,17.33527292133515
2026-09-03,324.8699951171875,330.8099975585937,324.1099853515625,328.2099914550781,37225800,312.794499206543,314.0866259765625,63.479375037657306,0.010001231183714099,-0.04696838198067177,-0.043031491563987556,17.432512654100023
2026-09-04,328.3099975585937,328.92999267578125,317.8599853515625,319.9700012207031,39606900,313.13999938964844,314.9877679443359,53.95320551983544,-0.025105848234065142,-0.021345756805318805,-0.01557093870475268,17.49451392871863
2026-09-08,317.1000061035156,320.70001220703125,314.8999938964844,316.2200012207031,35477100,313.53799896240236,315.6414587402344,50.25687817577871,-0.011719848691107093,-0.008481444083066947,-0.0018295568851919297,17.384398004062863
2026-09-09,315.489990234375,319.1499938964844,309.8999938964844,315.3399963378906,65640000,314.0594985961914,316.31831420898436,49.40155103210834,-0.0027828881140200545,-0.004060689276875418,0.0031024224090034913,17.999695839420777
2026-09-10,316.6700134277344,326.739990234375,316.510009765625,326.57000732421875,70011900,315.27549896240237,317.06750122070315,58.99282651025513,0.03561239017170226,-0.03458525923540556,-0.02909791435341924,18.064175799848556
2026-09-11,327.45001220703125,336.2200012207031,326.29998779296875,332.2699890136719,50716900,316.62599792480466,317.8303741455078,62.84281899229585,0.017454088133066703,-0.04708216693089162,-0.043457475383279154,17.741769766068824
2026-09-14,334.7900085449219,335.5,331.3399963378906,333.0799865722656,39269100,317.9834976196289,318.32469299316404,63.36912971173285,0.0024377692400032736,-0.04532391485899545,-0.04429955017996934,17.485948533498668
2026-09-15,330.1400146484375,331.7799987792969,328.3500061035156,331.3399963378906,31748200,319.27099761962893,318.70368103027346,61.35854536589978,-0.005223941108804753,-0.03642481696038313,-0.03813700563553768,17.273346620280332
2026-09-16,332.5299987792969,335.4800109863281,330.70001220703125,332.4100036621094,35981000,320.3899978637695,319.1440350341797,62.153773544654534,0.0032293334219983816,-0.03616018069828619,-0.03990845185698555,17.39850160711134
2026-09-17,334.7699890136719,338.3399963378906,330.17999267578125,337.0,36700200,321.39849853515625,319.6216357421875,65.43948050592441,0.01380823768034456,-0.046295256572236654,-0.051567846462351685,17.418292789849037
2026-09-18,337.9100036621094,338.489990234375,332.5299987792969,336.1300048828125,86588200,322.63999938964844,320.02528564453127,64.30000134856701,-0.0025815878848294282,-0.04013329752536432,-0.04791217387420066,18.27667411713702
2026-09-21,335.2799987792969,339.6400146484375,333.04998779296875,338.9800109863281,34999200,324.1214996337891,320.50391967773436,66.36612857497121,0.0084788803799567,-0.04383300156639125,-0.054504958138487214,17.370835790621683
2026-09-22,340.1400146484375,345.3399963378906,338.75,339.75,40711800,325.59199981689454,320.9581884765625,66.92310525753032,0.002271487960105567,-0.041671818051818854,-0.055310703527409855,17.522028559245147
2026-09-23,341.0799865722656,341.79998779296875,335.5,337.0199890136719,31658800,326.94799957275393,321.4068145751953,62.94319320204694,-0.008035352424806796,-0.029885436381369535,-0.04632714660091919,17.270526740569245
2026-09-24,336.7200012207031,338.9100036621094,334.29998779296875,335.9200134277344,24733100,328.0714996337891,321.58085876464844,61.35981462424123,-0.0032638289175568325,-0.023364233984926708,-0.04268621722406152,17.023653025894383
2026-09-25,336.0400085449219,341.6700134277344,334.5299987792969,341.07000732421875,30002500,329.39600067138673,321.74280212402346,65.70914731833174,0.015331012415526368,-0.034227596687312345,-0.0566663875015635,17.21679130281829
2026-09-28,340.3699951171875,342.989990234375,338.0400085449219,338.3999938964844,32820800,330.33099975585935,321.8417541503906,61.823794184221924,-0.007828344241351815,-0.02384454576288586,-0.04893096939936381,17.306573049178493
2026-09-29,336.9700012207031,337.0899963378906,328.70001220703125,329.3999938964844,38427200,330.9584991455078,321.90358276367186,50.89870178885319,-0.026595745160542417,0.004731345713118618,-0.02275777556683345,17.46427612616487
