Date,Open,High,Low,Close,Volume
2021-09-30,140.12185084081975,140.8241193990878,137.8004622797123,138.01504516601562,89056700
2021-10-01,138.40517505038864,139.40005789714257,135.68389579904266,139.13670349121094,94639600
2021-10-04,138.26860229461653,138.7075311976416,134.86456666800945,135.713134765625,98322000
2021-10-05,136.0545166576062,138.73678711480215,135.9277136552574,137.63461303710938,80861100
2021-10-06,136.0350430050937,138.64903107214994,134.962128569818,138.5027313232422,83221100
2021-10-07,139.53660933038944,140.66804355787346,139.2049866756737,139.7609405517578,61732700
2021-10-08,140.48266702390393,140.62896670309593,139.04887063590832,139.3804931640625,58773200
2021-10-11,138.76604603984862,141.24348200456123,138.31736879996546,139.29273986816406,64452200
2021-10-12,139.7024045703548,139.72191616043952,137.56633938704366,138.02476501464844,73035900
2021-10-13,137.76141892529833,137.91746698955632,135.77165355544514,137.43954467773438,78762700
2021-10-14,138.6099736345154,140.33638447460456,138.02474508035556,140.21932983398438,69907100
2021-10-15,140.2291266309253,141.33128600610704,139.97552058470157,141.27276611328125,67940300
2021-10-18,139.9170017643,143.2235096811566,139.63415065247935,142.94065856933594,85589200
2021-10-19,143.38933731406476,145.49614300945177,142.94067482594585,145.0962371826172,76378900
2021-10-20,145.03768735830047,146.0618300447265,144.47197030405582,145.58389282226562,58418800
2021-10-21,145.14499547046705,145.95455540585698,144.22814410067642,145.79849243164062,61421000
2021-10-22,146.00332535531382,146.48124774454206,144.97918256227808,145.0279541015625,58883400
2021-10-25,145.0181647887637,145.69117321411855,143.98427382696465,144.97915649414062,50720600
2021-10-26,145.6521738906202,147.12497895180522,145.34004798248478,145.64242553710938,60893400
2021-10-27,145.68142436893194,146.04230690415662,144.83285629616836,145.18399047851562,56094900
2021-10-28,146.13013733509126,149.39762230558532,146.03259425054543,148.81240844726562,100077900
2021-10-29,143.59415144162946,146.24716233667445,142.8041031388741,146.11061096191406,124953200
2021-11-01,145.3205654883688,146.01307072992742,144.1598713388164,145.2913055419922,74588300
2021-11-02,144.9986747309846,147.8370082711022,144.98891149464504,146.32518005371094,69122000
2021-11-03,146.68605801297326,148.22714612515688,146.1301042293714,147.75897216796875,54511500
2021-11-04,147.84676026074618,148.6758168059769,146.92990900121129,147.24203491210938,60394600
2021-11-05,148.36536141475236,148.6681654176707,146.57782514412813,147.76951599121094,65463900
2021-11-08,147.8964818732159,148.0527725947036,146.67548855791236,146.94898986816406,55020900
2021-11-09,146.7145337755314,147.91598686060686,146.57778313905698,147.3103790283203,56787900
2021-11-10,146.53871644786318,146.64616444006643,144.41907415140022,144.48744201660156,65187100
2021-11-11,145.50333134171993,145.96241109507744,144.25302053135974,144.43861389160156,41000000
2021-11-12,144.9856178095641,146.90990439693277,144.05766590459464,146.50942993164062,63804000
2021-11-15,146.88065069212266,148.35562059388806,145.96246106168255,146.5192413330078,59222800
2021-11-16,146.4605718791386,147.97460635745318,145.87448920859703,147.4959716796875,59256200
2021-11-17,147.49598349597346,151.40316186672771,147.48622091573952,149.92820739746094,88807000
2021-11-18,150.1431040324191,154.98799688592075,149.4984160214015,154.20655822753906,137827700
2021-11-19,153.99164315630802,157.28345067512842,152.8976381128572,156.82435607910156,117305600
2021-11-22,157.92813559947206,161.85485386154411,157.26392246010866,157.28346252441406,117467900
2021-11-23,157.38111945184002,158.04534743857107,155.36892523842943,157.66439819335938,96041900
2021-11-24,157.0197711747025,158.37751541168896,155.9355283016625,158.18215942382812,69463600
2021-11-26,155.8671359816053,156.72670517440085,152.7316184657377,153.17117309570312,76959800
2021-11-29,155.67178482147494,157.44955853817083,155.10524204048522,156.5216064453125,88748200
2021-11-30,156.27737994661885,161.67905311784355,156.20899716750552,161.4641571044922,174048100
2021-12-01,163.59356203535145,166.34813007275002,160.71202083002768,160.9464569091797,152052500
2021-12-02,155.05635670733542,160.38964606969503,154.1381675375188,159.95985412597656,136739200
2021-12-03,160.2138776845153,161.13206712633752,156.0136573148525,158.08445739746094,118023100
2021-12-06,160.47756105335333,163.98426461858526,160.46779847409405,161.48367309570312,107497000
2021-12-07,165.15645786646198,167.5984447377344,164.43362438687151,167.2077178955078,120405400
2021-12-08,168.13567063026588,171.87679598965886,166.7388465074218,171.0172119140625,116998900
2021-12-09,170.85114615502485,172.64844463234323,169.8841141404718,170.50926208496094,108923700
2021-12-10,171.1442122366866,175.4616431808398,170.63627480069655,175.2858123779297,115402700
2021-12-13,176.91705651666257,177.90362873179458,171.45677755961725,171.6619110107422,153237000
2021-12-14,171.18327152968024,173.6154957034132,168.21382219359762,170.2846221923828,139380400
2021-12-15,171.0465102933484,175.33463817394934,168.31148231582245,175.1392822265625,131063300
2021-12-16,175.11973661793166,176.9365751900634,166.78767978084602,168.26263427734375,150185800
2021-12-17,165.98671202152144,169.44457351876034,165.75229083845704,167.16864013671875,195432700
2021-12-20,164.37502357405398,166.6216545378973,163.5740596088574,165.8109130859375,107499100
2021-12-21,167.57889907243998,169.18084181030284,165.1955175809284,168.97572326660156,91185900
2021-12-22,169.02452194022183,171.7790897184107,168.15517538914062,171.56419372558594,92135300
2021-12-23,171.76936224404878,172.7461569911751,171.2028195021509,172.1893768310547,68356600
2021-12-27,172.9805356564393,176.2332631531054,172.9610104976855,176.14535522460938,74919600
2021-12-28,175.9793227997058,177.12217071968058,174.38714279522745,175.12950134277344,79144300
2021-12-29,175.16861028282216,176.43844648209003,174.00622210590865,175.2174530029297,62348900
2021-12-30,175.30533745901636,176.3798175385403,173.95735606919604,174.06480407714844,59773000
2021-12-31,173.9573701608435,175.07091555859822,173.14662874511,173.44944763183594,64062300
2022-01-03,173.7033678359508,178.63618304508262,173.58615726537937,177.78636169433594,104487900
2022-01-04,178.39199939810527,178.69480333397306,174.96344087400894,175.5299835205078,99310400
2022-01-05,175.44210103848545,175.9891036993743,170.58743006603996,170.86093139648438,94537600
2022-01-06,168.69245085589924,171.23212317548703,167.65705080251047,168.00869750976562,96904000
2022-01-07,168.8780217142409,170.09901499255682,167.06118311991872,168.1747283935547,86709100
2022-01-10,165.15642793014217,168.4970635759533,164.26754129298973,168.1942596435547,106765600
2022-01-11,168.32126400156088,171.1148824378415,166.85607200254188,171.0172119140625,76138300
2022-01-12,172.0330771442787,173.06847713761263,170.76325596284155,171.45677185058594,74805200
2022-01-13,171.70094857794888,172.52145244084235,167.80353287215138,168.1942596435547,84505800
2022-01-14,167.36401309283474,169.7473947274692,167.11981439919933,169.0538787841797,80440800
2022-01-18,167.5300055455102,168.53610260535586,165.47874620710155,165.8596954345703,90956700
2022-01-19,166.05509393247632,167.1100339648471,162.08930995625337,162.37257385253906,94815000
2022-01-20,163.1051891966637,165.74253213798244,160.37016081486053,160.6925048828125,91420500
2022-01-21,160.60458738914824,162.4702688967568,158.5337873352943,158.6412353515625,122848900
2022-01-24,156.30672027070835,158.53381139617989,151.11016437480347,157.8695831298828,162294600
2022-01-25,155.29082683573563,158.98310983768695,153.3763174519784,156.072265625,115798400
2022-01-26,159.70588295154988,160.57522936347738,154.15769796412494,155.9842987060547,108275300
2022-01-27,158.68029600296296,160.0380400395087,154.6070638933257,155.52525329589844,121954600
2022-01-28,161.86463986114418,166.39696621279427,159.02216399560837,166.37742614746094,179935700
2022-01-31,166.2113655240236,170.9390476064095,165.57644011866424,170.72415161132812,115541600
2022-02-01,169.9720379540269,170.78277933201363,168.31148996868112,170.55812072753906,86213900
2022-02-02,170.69491016457172,171.79869318006362,169.30786318384511,171.75961303710938,84914300
2022-02-03,170.43110878285196,172.15027672857178,168.12587305039293,168.8877716064453,89418100
2022-02-04,167.90974218054592,170.27660988825676,166.93170310002452,168.60415649414062,82465400
2022-02-07,169.0638417050099,170.12990075671365,167.19578341710826,167.89019775390625,77251200
2022-02-08,167.95865801143464,171.49916986063508,167.66524328351184,170.99058532714844,74829200
2022-02-09,172.1838075995271,172.77062217708496,171.05905354274313,172.40875244140625,71285000
2022-02-10,170.31573108381698,171.62629991772872,167.78261335475796,168.340087890625,90865900
2022-02-11,168.54545914237346,169.27898837706067,164.34966356269592,164.93649291992188,98670700
2022-02-14,163.69441590726865,165.8558891027738,162.9022065441299,165.1712646484375,86185500
2022-02-15,167.21532291468824,169.1518358853044,166.51113366652052,168.99534606933594,62527400
2022-02-16,168.0760262456703,169.53329496166765,166.31555287107355,168.76065063476562,61177400
2022-02-17,167.27404295611913,168.1347222265384,164.7702649952927,165.1712646484375,69589300
2022-02-18,166.0906242687398,166.79479876362558,162.54033719370844,163.62596130371094,82772700
2022-02-22,161.35688974047144,163.0293432010753,158.58903724171788,160.71139526367188,91162800
2022-02-23,161.90459367562613,162.50119815168253,156.241753586249,156.5547332763672,90009200
2022-02-24,149.22922517438823,159.27369208830245,148.66196063900136,159.16610717773438,141147500
2022-02-25,160.24193771015948,161.4938266826065,157.3371601146723,161.22976684570312,91974200
2022-02-28,159.47907699118204,161.7872502076219,158.8629074909049,161.49383544921875,95056600
2022-03-01,161.08302534266187,162.94130845487337,158.4129829679633,159.615966796875,83474400
2022-03-02,160.77986315221446,163.68464076398826,159.37148431939156,162.90220642089844,79724800
2022-03-03,164.7702966304226,165.20063634825544,161.91442341280975,162.57948303222656,76678400
2022-03-04,160.8776889542246,161.91440821879274,158.54017563689038,159.586669921875,83737200
2022-03-07,159.7724565579089,161.39600492959968,155.54732078440395,155.80162048339844,96418800
2022-03-08,155.33218168421902,159.30301816152476,152.37849933499598,153.98248291015625,131148300
2022-03-09,157.9337867292243,159.82141039524444,155.90925307773497,159.3715057373047,91454900
2022-03-10,156.68188663700346,156.86771648439594,152.5545597614365,155.03878784179688,105342000
2022-03-11,155.4397780469511,155.7820977698025,151.1070711319146,151.33201599121094,96970100
2022-03-14,148.12404550887342,150.7354085874783,146.80370143921206,147.31227111816406,108732100
2022-03-15,147.58609577139651,152.1535515492418,147.0775261791108,151.68408203125,92964300
2022-03-16,153.60105321090987,156.48626575095446,151.06793536575267,156.08526611328125,102300200
2022-03-17,155.12679794973494,157.46431103838808,154.16832371335292,157.0926513671875,75615400
2022-03-18,156.98501851922993,160.86783414742996,156.25148934398342,160.37881469726562,123511700
2022-03-21,159.91914959524135,162.69679166385907,159.43013010111935,161.7480926513672,95811400
2022-03-22,161.87525716684658,165.6993938917205,161.28844262082922,165.11257934570312,81532000
2022-03-23,164.3008129085659,168.8486892835288,163.9682682338466,166.47206115722656,98062700
2022-03-24,167.30336151454603,170.31572365157868,166.47203725633872,170.2472686767578,90131400
2022-03-25,170.06149188569648,171.4307410459289,168.95630261256107,170.88304138183594,80546200
2022-03-28,168.38903069595148,171.87084834447882,168.2227657996674,171.74371337890625,90371900
2022-03-29,172.80972386459516,175.0787667230212,172.467404224187,175.02987670898438,100589400
2022-03-30,174.62886654102215,175.6655854938626,172.8194884204446,173.86599731445312,92633200
2022-03-31,173.93448350287292,174.1203133341303,170.5700263491638,170.77542114257812,103049300
2022-04-01,170.20819057523445,171.0395300102291,168.16409187112328,170.48204040527344,78751300
2022-04-04,170.73630961524591,174.57022147286082,170.60915974417932,174.5213165283203,76468400
2022-04-05,173.6019328264619,174.38436705774205,170.589570736433,171.21551513671875,73401800
2022-04-06,168.57484765163213,169.8169616919483,166.393824277865,168.05648803710938,89058800
2022-04-07,167.4012210369831,169.5529046519263,166.11999185859997,168.3596954345703,77594700
2022-04-08,168.0075484323814,168.0075484323814,165.48420586824818,166.3546600341797,76575500
2022-04-11,165.00500326610816,165.31796805598518,161.8654908055094,162.11000061035156,72246700
2022-04-12,164.33012199148104,166.13948524268093,162.98042335456353,163.97802734375,79265200
2022-04-13,163.71395993382896,167.28379658301122,163.10758048377514,166.65785217285156,70618900
2022-04-14,166.8730302686766,167.5087646523774,161.41557017548345,161.6600799560547,75329400
2022-04-18,160.32019219645267,162.94134514885508,159.97788741289764,161.4449462890625,69023900
2022-04-19,161.3960167105301,164.13452917950872,160.31039271090148,163.72373962402344,67723800
2022-04-20,165.05387853639598,165.17125338034182,162.45230578739907,163.55747985839844,67929800
2022-04-21,165.2006123983915,167.76307044383682,162.26649466439048,162.76528930664062,87227800
2022-04-22,162.80440987833427,164.18343379206294,157.95332893712188,158.23695373535156,84882400
2022-04-25,157.5816658069576,159.58664908398902,154.98009296481885,159.3030242919922,96046400
2022-04-26,158.6868312906376,158.7748512209157,153.2782766938566,153.3565216064453,95623200
2022-04-27,152.48608239761126,156.28086402556207,151.96772285920957,153.131591796875,88063200
2022-04-28,155.7527492675287,160.90702025080918,155.4397695467575,160.0463409423828,130216800
2022-04-29,158.28582131341926,162.5500717654253,153.79662607980254,154.18783569335938,131747600
2022-05-02,153.268494371806,154.7551028690703,149.90403790928826,154.4910430908203,123055300
2022-05-03,154.67689768841237,157.18069064394373,152.88709903691972,155.97769165039062,88966500
2022-05-04,156.1635144371754,162.82395888042848,155.76251479077115,162.3740692138672,108256500
2022-05-05,160.25172879543595,160.47667363266967,151.5471709663278,153.32720947265625,130525300
2022-05-06,152.8080631040653,156.16767394547392,151.0156200226824,154.052001953125,116124600
2022-05-09,151.7502553954864,152.6317930294346,148.3808694909006,148.9391632080078,131577900
2022-05-10,152.32811702969943,153.52307898712107,149.7912627423493,151.33883666992188,115366700
2022-05-11,150.34960463592216,152.2595803376125,142.81742986905113,143.49327087402344,142689800
2022-05-12,139.83980605277625,143.19940187956024,135.95128476595931,139.6341094970703,182602000
2022-05-13,141.6224448185645,145.06041547307086,140.17282438448345,144.09072875976562,113990900
2022-05-16,142.56278284412517,144.49235241019304,141.2208901087805,142.552978515625,86643800
2022-05-17,145.80481151470883,146.69613834453236,143.66954586445135,146.17701721191406,78336300
2022-05-18,143.83608013972986,144.33560760113403,137.0287088681347,137.92984008789062,109742900
2022-05-19,137.0091561140078,138.7526228149115,133.79647489353653,134.5310821533203,136095600
2022-05-20,136.23529658390538,137.81225334878067,129.88829706526903,134.76608276367188,137426100
2022-05-23,134.9620011760451,140.31973647724712,134.82487512400195,140.17282104492188,117726300
2022-05-24,137.92003986063096,139.05623582746938,134.51146690573626,137.47927856445312,104132700
2022-05-25,135.58886991195646,138.87991021944293,135.50072064953915,137.635986328125,92482700
2022-05-26,134.57023400738558,141.37759058232152,134.3253649583187,140.82908630371094,90601500
2022-05-27,142.4060581377044,146.6080048732437,142.27872143657157,146.56883239746094,90978500
2022-05-31,146.01052282850958,147.56788638378129,143.82628016379354,145.7852325439453,103718400
2022-06-01,146.823446577346,148.6256937779253,144.64900865939228,145.6578826904297,74286600
2022-06-02,144.79596367082308,148.16536407915592,143.8458705924634,148.10659790039062,72348100
2022-06-03,143.88503314588232,144.93307974702813,141.49512401563555,142.396240234375,88570300
2022-06-06,144.01237341190438,145.52077501341512,141.92608448379778,143.14064025878906,71598400
2022-06-07,141.38736672807937,145.94192415465892,141.1424977278199,145.6578826904297,67808200
2022-06-08,145.5305644824367,146.79408210793065,144.4335560047601,144.9232940673828,53950200
2022-06-09,144.06133943857793,144.91347882072873,139.60472041542363,139.71246337890625,69473000
2022-06-10,137.40091085996173,137.87105521943323,134.24699651333503,134.31556701660156,91437900
2022-06-13,130.1429657001856,132.4251464748058,128.74232225475177,129.1732940673828,122207100
2022-06-14,130.39766413988795,131.1420606306549,128.7815195311164,130.03524780273438,84784300
2022-06-15,131.5338494146611,134.52125474775525,129.4475753177957,132.65045166015625,91533000
2022-06-16,129.36921686332985,129.67285209068328,126.39160087860697,127.3906707763672,108123900
2022-06-17,127.4004988291183,130.34871732723784,127.14582540730096,128.8599090576172,134520300
2022-06-21,130.68170729877417,134.24699991857628,130.58376865027734,133.0814208984375,81000500
2022-06-22,132.02354820979977,134.93259278933536,131.16161959240785,132.5720672607422,73409200
2022-06-23,134.0119221215175,135.74558399228505,132.84634321517927,135.43215942382812,72433800
2022-06-24,137.0287064173905,138.99746302987265,136.90138468183136,138.75259399414062,89116800
2022-06-27,139.7712426067131,140.5450371291734,138.0767530642211,138.75259399414062,70207900
2022-06-28,139.212947099847,140.47646473111445,134.50166930718802,134.61920166015625,67083400
2022-06-29,134.63878986432783,137.78289974267364,133.8649953839291,136.37245178222656,66242400
2022-06-30,134.43309207438057,135.5301005021527,131.02451949836083,133.91397094726562,98964500
2022-07-01,133.2479278277153,136.1863562547321,132.87573705664798,136.07861328125,71051600
2022-07-05,134.94245447298383,138.70363989022064,134.11968301964518,138.6546630859375,73353800
2022-07-06,138.44897021265854,141.16210859174285,138.1845074474581,139.9867401123047,74064300
2022-07-07,140.3491044689141,143.5422056804672,140.33931508968487,143.3463134765625,66253700
2022-07-08,142.27867446652914,144.52168281438622,142.02401609395528,144.0221405029297,64547800
2022-07-11,142.6802818681296,143.63037488194183,140.82907263468897,141.89669799804688,63141600
2022-07-12,142.76840995155382,145.4032026642234,142.0729903924104,142.86636352539062,77588800
2022-07-13,140.05527730810053,143.4442558667998,139.20312303306522,142.50396728515625,71185600
2022-07-14,141.12292146669557,145.8929653987599,140.30995449187216,145.42282104492188,78140700
2022-07-15,146.70592606919652,147.7637620290884,145.15835206929646,147.08792114257812,76259900
2022-07-18,147.64626627696484,148.45923341835072,143.6891735633667,144.0515899658203,81420900
2022-07-19,144.88412086859606,148.1261847699647,143.89485526545627,147.90090942382812,82982400
2022-07-20,148.01842499581136,150.5650688606649,147.2838179131366,149.89901733398438,64823400
2022-07-21,151.3290755894941,152.37712231601844,148.82161886422966,152.16163635253906,65086600
2022-07-22,152.20079694797485,153.07253011561605,150.2614383736218,150.92747497558594,66675400
2022-07-25,150.8491095898411,151.85796878260385,149.15462011252404,149.8108673095703,53623900
2022-07-26,149.13498333351035,149.94795005955055,147.70495700239573,148.48854064941406,55138700
2022-07-27,149.44846596743406,154.1009774684585,149.03708779660727,153.57205200195312,78620700
2022-07-28,153.7581586202447,154.40461645264705,151.24091273921562,154.12057495117188,81378700
2022-07-29,157.93074338059327,160.27169083424704,156.22644946059978,159.17466735839844,101786900
2022-08-01,157.7054219228439,160.23247174092782,157.58788958801776,158.19515991210938,67829400
2022-08-02,156.81414688340993,159.07673453265352,156.35379186998745,156.72598266601562,59907000
2022-08-03,157.53894532472003,163.17093336402678,157.45079605540153,162.7203826904297,82507500
2022-08-04,162.6028441618955,163.7586338892835,161.05526991931026,162.40695190429688,55474100
2022-08-05,160.08234575425365,162.67175374212067,159.87636348602825,162.18133544921875,56697000
2022-08-08,163.18179581085533,164.59420304327227,161.05338198319762,161.71054077148438,60276900
2022-08-09,160.8768354992681,162.6423445061743,160.1215870695177,161.75958251953125,63135500
2022-08-10,164.46667794890814,166.0948703368816,163.70162657940335,165.99679565429688,70170500
2022-08-11,166.80110596451257,167.71329198279503,164.9669459141007,165.26119995117188,57149200
2022-08-12,166.56571053244468,168.87066800455992,166.15374591104305,168.80201721191406,68039400
2022-08-15,168.2330984181666,170.0672580774187,168.06635799154176,169.87109375,54091700
2022-08-16,169.46897842594916,170.3811644180383,168.37044601656845,169.7141876220703,56377100
2022-08-17,169.45912928634104,172.77434653771422,169.26296497615442,171.20501708984375,79542000
2022-08-18,170.42040013426683,171.54835650831478,169.80246813878225,170.81272888183594,62290100
2022-08-19,169.7141357065489,170.41053619571213,168.02709575598993,168.2330780029297,70346300
2022-08-22,166.43814850327874,166.60488891273792,163.93701242863682,164.35877990722656,69026800
2022-08-23,163.8781795700326,165.4769480040651,163.4564120530002,164.02529907226562,54147100
2022-08-24,164.1135822617859,164.88843656775538,163.0640799468379,164.31954956054688,53841500
2022-08-25,165.54560642521002,166.8795448504242,165.12385385508654,166.7716522216797,51218200
2022-08-26,167.3013082441995,167.7721056277997,160.42563400937078,160.48448181152344,78961000
2022-08-29,158.06178088397027,159.77824459494397,156.757281634041,158.28738403320312,73314000
2022-08-30,159.02308781449068,159.44484048815386,154.69759359071182,155.8647918701172,77906200
2022-08-31,157.23795081091825,157.50278094726974,154.1286998362425,154.20716857910156,87991100
2022-09-01,153.63821114784932,155.3840987203859,151.70596226705732,154.93292236328125,74229900
2022-09-02,156.6886409081276,157.2869518100939,152.0002433352291,152.8241424560547,76957800
2022-09-06,153.4715206737186,154.07963464254792,150.7447958267751,151.56869506835938,73714800
2022-09-07,151.85314497915547,153.6676838931478,150.66632598771957,152.97129821777344,87449600
2022-09-08,151.67658920142858,153.36362955067997,149.75414265238146,151.5000457763672,84923800
2022-09-09,152.49067960307377,154.79565178409123,151.78447599724632,154.35426330566406,68028800
2022-09-12,156.53171708379904,161.11222243462,156.24728104104713,160.29812622070312,104956000
2022-09-13,156.8357585865151,157.46349338077283,150.43089710301155,150.8918914794922,122656600
2022-09-14,151.82370097735972,154.08944624806267,150.66632089509483,152.333740234375,87965400
2022-09-15,151.68634859779593,152.26505346855464,148.4790242330061,149.45004272460938,90481100
2022-09-16,148.31230899881908,148.44962552428208,145.5267216779744,147.81207275390625,162278800
2022-09-19,146.44872924023372,151.5981220543988,146.24276190884032,151.5196533203125,81474200
2022-09-20,150.4603364872082,155.05065980282333,150.14647654096677,153.8932647705078,107689800
2022-09-21,154.32480845556432,155.69798850992015,150.6564895920879,150.77418518066406,101696800
2022-09-22,149.4599321736332,151.50987771041477,148.01810072789718,149.8130340576172,86652500
2022-09-23,148.2926712627535,148.56730428254153,145.71306650576898,147.54722595214844,96029900
2022-09-26,146.79202323434507,150.82326264584486,146.77240230987616,147.88075256347656,93339400
2022-09-27,149.81297617549825,151.75502830388234,147.0764338903238,148.85174560546875,84442700
2022-09-28,144.81072915722658,147.75323924438212,142.06438341593866,146.96856689453125,146691400
2022-09-29,143.3002265150421,143.90834038923484,137.9840792223541,139.7495880126953,128138200
2022-09-30,138.5725991267457,140.35772899315157,135.35545614892226,135.55162048339844,124925300
2022-10-03,135.5614611189966,140.32832857992096,135.05142179088293,139.72019958496094,114311700
2022-10-04,142.2507447443845,143.41794280659562,141.49549629829846,143.3002471923828,87830100
2022-10-05,141.30911612057122,144.55568241187106,140.26941690015158,143.59445190429688,79471000
2022-10-06,143.01577382273572,144.7126168501461,142.43708385477177,142.64305114746094,68402200
2022-10-07,139.80842665549343,140.35770766147775,136.77764549427565,137.40538024902344,85925600
2022-10-10,137.7290496826172,139.17088043179675,135.91451126723297,137.7290496826172,74899000
2022-10-11,137.21904887976436,138.64127407342733,135.57125040118655,136.31668090820312,77033700
2022-10-12,136.4638036366148,137.67022848780448,135.51239091855444,135.68893432617188,70433700
2022-10-13,132.4031824941024,140.8383711075261,131.79505342070354,140.2498779296875,113224000
2022-10-14,141.54453406151188,141.75051634248345,135.5418185741853,135.72817993164062,88598000
2022-10-17,138.36665154683308,140.16156968133146,137.5819791306435,139.68096923828125,85250900
2022-10-18,142.70194639396894,143.88875049899616,137.91545818930572,140.9952850341797,99136600
2022-10-19,138.97476591255997,142.1722884311379,138.78840452952474,141.10317993164062,61758300
2022-10-20,140.27927658716155,143.0942732786787,139.91635681145763,140.64218139648438,64522000
2022-10-21,140.13210997918807,145.01668666487555,139.91632474569775,144.4477996826172,86548600
2022-10-24,144.36937374781388,147.35111109163424,143.20217553886908,146.5860595703125,75981900
2022-10-25,147.21375676214043,149.56777350297594,146.49775025875292,149.42063903808594,74732300
2022-10-26,148.06712385627637,149.07738452163943,145.20306734701933,146.48797607421875,88194300
2022-10-27,145.23251764978033,146.19373355952823,141.36801811707775,142.02517700195312,109180200
2022-10-28,145.36000606754794,154.48179100593666,144.98729827273644,152.75552368164062,164762400
2022-10-31,150.22496108445085,151.2842665764986,149.0087181195706,150.40150451660156,97943200
2022-11-01,152.10816072803473,152.47106552613408,146.27218522217615,147.76304626464844,80379300
2022-11-02,146.0956414814595,149.2539372421044,142.22133903213634,142.25076293945312,93604600
2022-11-03,139.33766635298934,140.0634909361085,136.09109910411752,136.21861267089844,97918500
2022-11-04,139.59827074317496,140.16810151754257,132.0234836201314,135.95333862304688,140814800
2022-11-07,134.70559929239224,136.70981865595215,133.29084915754692,136.48385620117188,83374600
2022-11-08,137.94774130575934,138.9498435557623,135.0789489012502,137.05369567871094,89908500
2022-11-09,136.07126240547402,136.12038860314053,132.22982461259858,132.50491333007812,74917800
2022-11-10,138.7631733571785,144.29443359375,137.05368118428237,144.29443359375,118854000
2022-11-11,143.26289458275522,147.37940577392345,141.83830991998155,147.07484436035156,93979700
2022-11-14,146.3576203774582,147.64464544159856,144.84461786588682,145.67971801757812,73374100
2022-11-15,149.5506845345609,150.89665553667209,145.95486237795845,147.40890502929688,89868300
2022-11-16,146.51481993344615,147.24183349471545,144.70707528826344,146.18077087402344,64218300
2022-11-17,143.86218666008645,148.82363252503697,143.58709795786277,148.07696533203125,80389400
2022-11-18,149.6390649453273,150.0222252429551,147.3401031595605,148.63694763183594,74829600
2022-11-21,147.52674987775407,147.73305885560603,145.12953609848137,145.41444396972656,58724100
2022-11-22,145.5323481888436,147.7821833963105,144.353379792247,147.54638671875,51804100
2022-11-23,146.82919031011303,149.1674586072914,146.72111870836432,148.42079162597656,58301400
2022-11-25,145.70918504900035,146.2691965387926,144.5400508786952,145.5126953125,35195900
2022-11-28,142.59478278627932,144.06847835661756,140.86565204725017,141.69091796875,69246000
2022-11-29,141.7596944766532,142.27057984792378,137.8887997144492,138.6944122314453,83763800
2022-11-30,138.92038744793726,146.1120302873751,138.08530213977906,145.4341278076172,111380900
2022-12-01,145.610975865171,146.51484082101652,144.0390276864429,145.70921325683594,71250400
2022-12-02,143.40040769964443,145.4046270438478,143.09583136119605,145.21795654296875,65447400
2022-12-05,145.17866278529172,148.2734173934748,143.21373541725012,144.05865478515625,68826400
2022-12-06,144.49096870660432,144.71693119940028,139.431270776129,140.40391540527344,64727200
2022-12-07,139.69649373678865,140.85579352307042,137.54489617657669,138.46841430664062,69721100
2022-12-08,139.8635600853956,141.00322179654424,138.62566097989853,140.14846801757812,62128300
2022-12-09,139.84388950557997,143.01725827820258,138.42913927736055,139.66705322265625,76097000
2022-12-12,140.19757351667832,141.96601125722427,138.58633357333804,141.95619201660156,70462700
2022-12-13,146.87831847453648,147.34007759813417,141.71056497387187,142.9189910888672,93886200
2022-12-14,142.8010797480732,144.08810457077118,138.68455516840615,140.6986083984375,82291200
2022-12-15,138.63543512859985,139.31333739130548,133.64451838807022,134.1062774658203,98931900
2022-12-16,134.29294719185827,135.23610381983994,131.38484844130548,132.1511688232422,160156900
2022-12-19,132.74070852472047,132.829126684755,129.01717664823065,130.0487518310547,79592600
2022-12-20,129.08594985161608,130.91333356900068,127.61225378892564,129.97999572753906,77432800
2022-12-21,130.64800547841642,134.4108428696223,130.42204304769788,133.07469177246094,85928000
2022-12-22,131.99401195090732,132.20032094511618,128.0150307307424,129.9111785888672,77852100
2022-12-23,128.6241804492717,130.09787639620362,127.36662777385332,129.54769897460938,63814900
2022-12-27,129.0760801645503,129.10555287498912,126.46272323679952,127.74974822998048,69007800
2022-12-28,127.39607559848972,128.73222692892008,123.66271775984325,123.8297348022461,85438400
2022-12-29,125.74552617249071,128.19185867326428,125.4900910087302,127.33712005615234,75703700
2022-12-30,126.1581629090278,127.67115035805844,125.19534521858718,127.65149688720705,77034200
2023-01-03,127.99539057563403,128.60451337209517,121.99253578697105,122.8767547607422,112117500
2023-01-04,124.66481618620304,126.40378110334797,122.88655931785308,124.14411163330078,89113600
2023-01-05,124.90062068574456,125.52939692056384,122.57218626779334,122.82762145996094,80962700
2023-01-06,123.8002891357673,128.0052263064182,122.69992677159716,127.34697723388672,87754700
2023-01-09,128.18205614149144,131.07050217869943,127.6122253254048,127.86766052246094,70790800
2023-01-10,127.9757103650532,128.958174020526,125.87323874198964,128.43746948242188,63896200
2023-01-11,128.94836939344688,131.1687321095965,128.17222961380045,131.1490936279297,69458900
2023-01-12,131.53223946571177,131.90556546211644,129.1350257391296,131.0704803466797,71379600
2023-01-13,129.71466811603167,132.55398732492168,129.3511613806362,132.39678955078125,57809700
2023-01-17,132.4655864864573,134.8824388666635,131.77786487384603,133.55612182617188,63646600
2023-01-18,134.4207108763407,136.17931456809228,132.66209219338052,132.8389434814453,69672800
2023-01-19,131.7287538123279,133.86069855178562,131.42419241972087,132.89788818359375,58280400
2023-01-20,132.9077080011768,135.59966433835268,131.86629872212012,135.45228576660156,80223600
2023-01-23,135.69786549716068,140.80668812964507,135.4817223092692,138.63543701171875,81760300
2023-01-24,137.84949253259393,140.64952034187644,137.83967329148908,140.0305633544922,66435100
2023-01-25,138.41932337339787,139.93231102042415,136.37579688239575,139.372314453125,65799300
2023-01-26,140.65936144448216,141.72042430582104,139.4116280346841,141.43551635742188,54105100
2023-01-27,140.64951214628343,144.64813175929368,140.57091324840124,143.3709259033203,70555800
2023-01-30,142.41796049282078,142.99761054282715,140.34496125408572,140.49232482910156,64015300
2023-01-31,140.19757555057984,141.80881551729502,139.78494257033407,141.7596893310547,65874500
2023-02-01,141.44529588395375,144.0389993752098,138.8417731528238,142.8796844482422,77663600
2023-02-02,146.2888275489756,148.52884341135578,145.57163330132713,148.1751708984375,118339000
2023-02-03,145.43409313083382,154.6201342687517,145.23760339877686,151.79063415527344,154357300
2023-02-06,149.8945101165513,150.41521473457135,148.13589150827315,149.06922912597656,69858300
2023-02-07,147.99832954313612,152.50783427872634,147.99832954313612,151.93800354003906,83322600
2023-02-08,151.18154087876945,151.86926257026718,148.51905726950346,149.2559051513672,64120100
2023-02-09,151.08329292122983,151.62365104865805,147.78221371418798,148.2243194580078,56007100
2023-02-10,147.06324691592152,148.913088785703,146.82709018156558,148.58837890625,57450700
2023-02-13,148.5293837823251,151.78630268022678,148.4998660592826,151.3828887939453,62199000
2023-02-14,149.68057287811524,151.30412220458746,148.44078385852455,150.74325561523438,61707600
2023-02-15,150.6546952720313,153.0063681105949,150.42838780610393,152.83909606933594,65573800
2023-02-16,151.0482514150965,153.8230360580732,150.89082864502956,151.24505615234375,68167900
2023-02-17,149.90686323328694,150.54643357945778,148.43091780603734,150.10365295410156,59144100
2023-02-21,147.7913568926055,148.87372305726493,146.03006833094608,146.09893798828125,58867200
2023-02-22,146.4826667367167,147.5453493019233,144.80009726904348,146.52203369140625,51011300
2023-02-23,147.68313363952294,147.92912460701393,144.87884561858365,147.0041961669922,48394200
2023-02-24,144.75089452156274,144.82961341599875,143.3831856356865,144.35731506347656,55469600
2023-02-27,145.34128862301924,146.77786725557394,145.0854484451516,145.54791259765625,44998500
2023-02-28,144.69188448050687,146.68932985809187,144.47541123636594,145.04611206054688,50547000
2023-03-01,144.47539591550134,144.8689754008769,142.68457472462396,142.97976684570312,55479000
2023-03-02,142.06468141879296,144.35731860288683,141.59236804059648,143.5701446533203,52238100
2023-03-03,145.66597544130724,148.68675112203792,144.96736964186593,148.6080322265625,70732300
2023-03-06,151.32377696340643,153.79353555974586,150.99908214162087,151.36314392089844,87558000
2023-03-07,151.23521425072406,151.55992406603715,148.70643540651363,149.1688995361328,56182000
2023-03-08,150.35949790258118,151.00891757952724,149.39521763366128,150.4185333251953,47204800
2023-03-09,151.09748364556307,152.06176399701366,147.82088228318355,148.17510986328125,53833600
2023-03-10,147.80123737088158,148.51952687879202,145.2429249942403,146.11865234375,68572400
2023-03-13,145.43968998615728,150.6842189540097,145.33145336527863,148.05703735351562,84457100
2023-03-14,148.8540608128164,150.94005952145656,147.69299059245188,150.14305114746094,73695900
2023-03-15,148.7655134809102,150.79247683579462,147.51587504804607,150.53665161132812,77167900
2023-03-16,149.71994010489203,153.9509875803486,149.20827470890512,153.35076904296875,76161100
2023-03-17,153.57707174404285,154.22649145558808,151.80593390078133,152.51438903808594,98944600
2023-03-20,152.58327776546486,155.28917828804447,151.67801783277878,154.8759002685547,73641400
2023-03-21,154.79717806171172,156.8438093660786,154.0296725549558,156.72573852539062,73938300
2023-03-22,156.74540844255807,159.53986153376988,155.27929723644732,155.29898071289062,75701800
2023-03-23,156.2829907905543,158.95937384680835,155.15142327717084,156.38137817382812,67622100
2023-03-24,156.31248202721346,157.76874417421377,155.3186840441415,157.68019104003906,59196500
2023-03-27,157.37517430078694,158.19186606543823,155.33836200567538,155.74179077148438,52390300
2023-03-28,155.4367781198492,155.94844355059743,153.47868455836303,155.1219024658203,45992200
2023-03-29,156.8143056879684,158.46737267599335,156.7946372221569,158.19186401367188,51305700
2023-03-30,158.9396863414281,159.8646148025582,158.68386113447403,159.75637817382812,49501700
2023-03-31,159.83510289651463,162.35404815041076,159.31360321570477,162.25564575195312,68749800
2023-04-03,161.63575413574327,163.62335040456196,161.58655293789977,163.50527954101562,56976200
2023-04-04,163.92841482435924,164.1645565845821,162.46230300187705,162.97396850585938,46278300
2023-04-05,162.09822184489292,162.40324825832465,159.20536551321473,161.13392639160156,51511700
2023-04-06,159.8252203026454,162.31466233453045,159.40212310856722,162.01947021484375,45390100
2023-04-10,158.8314525568901,159.43167114257812,157.51294452082058,159.43167114257812,47716900
2023-04-11,159.7465367378167,159.75637097122245,157.93603184667683,158.2213897705078,47644200
2023-04-12,158.6346273017189,159.46115319792997,157.2177171858746,157.5325927734375,50133100
2023-04-13,159.0380889195549,163.14121655398105,158.83144989570576,162.90505981445312,68445600
2023-04-14,161.95058596716467,163.6528540223282,161.19294470872245,162.56065368652344,49386500
2023-04-17,162.44258319038994,162.7377753387549,161.39958394505072,162.58033752441406,41516200
2023-04-18,163.43639900098648,164.7253892225956,162.99360326395418,163.8004608154297,49923000
2023-04-19,163.14119328481948,165.46334834295578,162.8853530999642,164.9418487548828,47720200
2023-04-20,163.42655222639002,165.17800667808302,162.90505258707114,163.97756958007812,52456400
2023-04-21,162.40325123756864,163.78079474740133,161.85223383363555,162.3737335205078,58337300
2023-04-24,162.35403159020615,162.9444158925364,161.26183114076272,162.67874145507812,41949600
2023-04-25,162.54097982284455,163.64301445601814,161.1043860925183,161.1437530517578,48714100
2023-04-26,160.44515464932056,162.62955575633885,160.18932943478703,161.13392639160156,45498800
2023-04-27,162.54100085037314,165.85695442572842,162.54100085037314,165.70936584472656,64902300
2023-04-28,165.7880799666726,167.1262714474298,165.18786139778672,166.958984375,55275900
2023-05-01,166.5653655163748,167.71660118549804,165.93562938076653,166.87039184570312,52472900
2023-05-02,167.36241202489828,167.6182522416185,164.8533011388869,165.83726501464844,48425700
2023-05-03,166.7818533947913,168.17908009941613,164.47938185396285,164.7647247314453,65136000
2023-05-04,162.24580144031648,164.36131774887434,161.67510059572527,163.13136291503906,81235400
2023-05-05,168.23814318555767,171.50491053581004,168.02166992672903,170.78662109375,113453200
2023-05-08,169.71409550111375,171.0621363032094,169.35003364925416,170.71774291992188,55962800
2023-05-09,170.27491417680565,170.75704676065035,168.8481698742082,169.01544189453125,45326900
2023-05-10,170.24543004162442,171.23922812803062,169.14338031673282,170.77676391601562,53724500
2023-05-11,171.0621017201797,171.7902252766967,169.4090348343318,170.9636993408203,49514700
2023-05-12,171.0720697527437,171.50561502670146,168.4905238476374,170.03749084472656,45533100
2023-05-15,170.61886136031444,170.66813061172948,168.95365989259247,169.54486083984375,37266700
2023-05-16,169.4660330445526,170.5991506527755,169.2788189100942,169.54486083984375,42110300
2023-05-17,169.19011716888295,170.39219951568867,167.91903983890597,170.15573120117188,57951600
2023-05-18,170.4611756877155,172.6683084617715,170.04734111161662,172.48109436035156,65496700
2023-05-19,173.80146880445517,173.80146880445517,172.37275062180032,172.5895233154297,55809500
2023-05-22,171.42681253611994,172.14611049896482,170.90459157041087,171.64358520507812,43570900
2023-05-23,170.58932589998523,170.83565715552854,168.76646859501835,169.0423583984375,50747300
2023-05-24,168.57922839342694,169.8897122746601,168.0176010356781,169.31822204589844,45143500
2023-05-25,169.87986475065702,171.34798918728478,169.17042964019168,170.45135498046875,56058300
2023-05-26,170.77652387763237,173.19056694623742,170.5695990272421,172.8555450439453,54835000
2023-05-30,174.36309800636275,176.36330631715728,173.9788219031772,174.69810485839844,55964400
2023-05-31,174.72766202276017,176.71802248155805,174.16601962684186,174.64883422851562,99625300
2023-06-01,175.09221783191245,177.47670209655325,174.33351350934285,177.4471435546875,68901800
2023-06-02,178.37335293714096,179.11234656032465,176.62932377666553,178.29452514648438,61996900
2023-06-05,179.949884959394,182.2358308287415,175.4272324012079,176.94464111328125,121946500
2023-06-06,177.32891962025158,177.476712338109,174.8261860088602,176.580078125,64848400
2023-06-07,175.821391670984,178.55074607277277,174.71783250558175,175.2104949951172,61944600
2023-06-08,175.28927455408018,178.18613184931536,174.85574427470908,177.92010498046875,50214900
2023-06-09,178.83643579626113,179.55571862854532,177.97920810525306,178.3043670654297,48900000
2023-06-12,178.60982685528654,181.19137296447727,178.31422641468646,181.09283447265625,54274900
2023-06-13,180.1173932820357,181.44757286544584,179.7626757194867,180.61990356445312,54929100
2023-06-14,180.67898290027227,181.6840182899738,179.3488035947976,181.2504730224609,57462900
2023-06-15,181.26039966554973,183.78282934416612,181.083033341499,183.28030395507807,65433200
2023-06-16,183.989688464097,184.245882524342,181.56579797087076,182.2062530517578,101256200
2023-06-20,181.7037512704965,183.3689525999345,181.7037512704965,182.29493713378903,49799100
2023-06-21,182.1865534203878,182.68907870149724,179.91045548906328,181.26036071777344,49515700
2023-06-22,181.04356888160584,184.304991288712,180.97458893469445,184.25572204589844,51245300
2023-06-23,182.82703803402,184.80753566864925,182.29495416898448,183.94044494628903,53117000
2023-06-26,184.0882365039062,185.2903339778169,182.51171079012911,182.55113220214844,48088700
2023-06-27,183.16204815111053,185.6253604426876,182.9452754666625,185.3002014160156,50730800
2023-06-28,185.17208134019785,187.11317238738192,184.84693738882143,186.47271728515625,51216800
2023-06-29,186.30524420235463,187.28072131986812,186.1672993101183,186.8077545166016,46347300
2023-06-30,188.8178023638345,191.62596911406445,188.45322195229383,191.1234588623047,85213200
2023-07-03,190.93624105216276,191.0347795474039,188.9458807202263,189.6356201171875,31458200
2023-07-05,188.75868490984945,190.1479814937267,187.8226142934088,188.52220153808597,46920300
2023-07-06,187.05407174607456,189.2020878041572,186.42346442381324,188.9951629638672,45094300
2023-07-07,188.6010117511895,189.8425155087971,187.4481836116548,187.8817138671875,46815000
2023-07-10,186.4825418141745,187.2018396490787,184.2951198418446,185.8420867919922,59922200
2023-07-11,186.3840224673472,186.5219673229217,183.86159365977755,185.3198699951172,46638100
2023-07-12,186.8964015042781,188.88676181703667,185.70416691161037,186.98509216308597,60750200
2023-07-13,187.70438329432412,188.38425984411805,186.99494820191867,187.7437896728516,41342300
2023-07-14,187.4383302857117,188.37438582770977,186.8471444335954,187.8915863037109,41616200
2023-07-17,189.08381775872684,191.4683169379724,188.9951421376018,191.1431579589844,50520200
2023-07-18,190.5125801606121,191.4781943768324,189.5962201627232,190.88699340820312,48288200
2023-07-19,190.26622781119136,195.3209338889853,189.82281961650224,192.23687744140625,80507300
2023-07-20,192.22703531122195,193.5867885139367,189.67504737311492,190.2958068847656,59581200
2023-07-21,191.2515812847552,192.1088091911953,188.42368841793876,189.12327575683597,71951700
2023-07-24,190.5716741809672,192.04966138875844,189.4286937985748,189.92135620117188,45377800
2023-07-25,190.49282690419068,191.5865379274597,190.0888401670233,190.778564453125,37283200
2023-07-26,190.82786945588316,192.76896069007796,190.48301476563847,191.64569091796875,47471900
2023-07-27,193.1433883962488,194.30606454519105,189.7243098384596,190.3844757080078,47460200
2023-07-28,191.8131810983056,193.7444243627897,191.29096014596897,192.95616149902344,48291400
2023-07-31,193.18277106210203,193.6064685292723,192.394508242959,193.56704711914065,38824100
2023-08-01,193.36016991822595,193.8429695122176,192.41425136889904,192.73941040039065,35175100
2023-08-02,192.1777357193533,192.3156805851802,189.03456234552243,189.75384521484372,50389300
2023-08-03,188.75870197685728,189.5469498842792,187.89161123685508,188.36456298828125,61235200
2023-08-04,182.797485975556,184.63019095429203,179.25031019901363,179.3192901611328,115956800
2023-08-07,179.45723692919626,180.4425618735659,174.7473848978987,176.22537231445312,97576100
2023-08-08,177.05300588853655,177.62449604499406,174.97397007455905,177.16139221191406,67823000
2023-08-09,178.21570618554995,178.2748232727554,174.41235154839882,175.57504272460938,60378500
2023-08-10,176.8460961883882,178.09746293161143,174.99369573264087,175.35826110839844,54686900
2023-08-11,174.95373578240464,176.2363757071569,174.1940069392339,175.41744995117188,52036700
2023-08-14,175.59504844195268,177.2920967961584,174.9438523177461,177.06517028808594,43675600
2023-08-15,176.49287966212987,177.08486372444068,174.68729891451414,175.0819549560547,43622600
2023-08-16,174.766254405872,176.1574269074876,174.14465676238186,174.21372985839844,46964900
2023-08-17,174.77610583538885,175.14116345073805,171.16494410110627,171.67800903320312,66062900
2023-08-18,170.00070631097662,172.76334408254257,169.6652471318657,172.16148376464844,61172200
2023-08-21,172.73380105146174,173.77965356611938,171.42154731254445,173.49351501464844,46311900
2023-08-22,174.6971995908385,175.30892111024494,173.89801113995804,174.86492919921875,42038900
2023-08-23,176.13775330473885,179.12731842197306,175.95028634108905,178.7030487060547,52722800
2023-08-24,178.25902046647073,178.68329009610582,173.6612029173666,174.02627563476562,54945800
2023-08-25,175.0129348306344,176.7593040006282,173.4737548580186,176.2265167236328,51449600
2023-08-28,177.68677460091166,178.1801023209798,176.1673318473753,177.7854461669922,43820700
2023-08-29,177.3019791564373,182.4325844218137,177.10465107991652,181.6629943847656,53003900
2023-08-30,182.4720764804315,185.34324769153272,182.27474838508303,185.1459045410156,60813900
2023-08-31,185.3333318426413,186.59624944883035,184.9781353249528,185.3629302978516,60794500
2023-09-01,186.96131537308187,187.3855699191495,185.76745585396847,186.9317169189453,45766500
2023-09-05,185.7674844117445,187.44479564304945,185.1064270757959,187.1685333251953,45280000
2023-09-06,185.88585963952747,186.329866585718,179.04834537431464,180.46913146972656,81755800
2023-09-07,172.84229174782251,175.8318715643951,171.22417743783686,175.19053649902344,112488800
2023-09-08,175.97000602806156,177.83478423163749,175.41746632815568,175.80226135253906,65551300
2023-09-11,177.66702357259294,177.89395007164453,174.9734438173143,176.96649169921875,58953100
2023-09-12,177.09475937210624,177.72621814105926,172.48708107979573,173.94732666015625,90370200
2023-09-13,174.15451849429098,174.93398459835862,171.6582818339781,171.88522338867188,84267900
2023-09-14,171.67802028548886,173.75000241444866,171.2636268707299,173.39480590820312,60895800
2023-09-15,174.12491445244186,174.14465177290464,171.50042292713772,172.67453002929688,109259500
2023-09-18,174.12492516303394,176.9862345995646,173.81906442528663,175.5950469970703,67257600
2023-09-19,175.1510856525732,177.23292932503867,174.76629061620125,176.68040466308594,51826900
2023-09-20,176.86782730089922,177.30195805066697,173.0593371622532,173.1481475830078,58436200
2023-09-21,172.22069958579337,173.94734650075085,171.53990496478352,171.6089630126953,63149100
2023-09-22,172.33909518451154,174.7169382879251,171.7273736602944,172.45748901367188,56725400
2023-09-25,171.87533847239564,174.60837768157924,171.826002699743,173.73025512695312,46172700
2023-09-26,172.48711848209095,172.86203732750283,169.36928354767613,169.665283203125,64588900
2023-09-27,170.31643241476104,170.730825832551,166.79408083596385,168.15565490722656,66921800
2023-09-28,167.08024048447163,169.7343462157436,165.38319180250966,168.4122314453125,56294400
2023-09-29,169.72445084440017,170.7604419321708,168.06686209293406,168.92526245117188,51861100
2023-10-02,168.93512915166482,171.9740294168616,168.6489906711008,171.43136596679688,52164500
2023-10-03,169.96126458937815,171.31299281082715,168.54049336939298,170.09939575195312,49594600
2023-10-04,168.80687858022958,171.88525384459265,168.68848474300435,171.34259033203125,53020300
2023-10-05,171.47083294671847,173.10868450108188,170.3756448658088,172.57589721679688,48527900
2023-10-06,171.48072926712837,175.61481822954005,170.8689926183437,175.12149047851562,57266700
2023-10-09,174.45055415802327,176.66066786762835,173.45403753652568,176.60147094726562,42390800
2023-10-10,175.7233217666065,177.3216985969386,175.5753144327677,176.0094451904297,43698000
2023-10-11,175.82199530812358,177.449985807142,175.23001108089,177.40065002441406,47551100
2023-10-12,177.66707923291622,179.90677658142434,176.6508101249457,178.2985382080078,56743100
2023-10-13,178.99904528395493,179.5022341867499,175.76281633481818,176.46334838867188,51427100
2023-10-16,174.39134016768617,176.69024903281087,174.15453745424634,176.33505249023438,52517000
2023-10-17,174.29266779074965,176.03905203817294,172.467364361049,174.78599548339844,57549400
2023-10-18,173.23698998157923,175.2103011579656,172.7732606507149,173.49351501464844,54764400
2023-10-19,173.69079235758196,175.46677490830675,172.85214438582656,173.11854553222656,59302900
2023-10-20,172.97054807703984,173.07908076842247,170.33618008275127,170.57298278808594,64244000
2023-10-23,168.62929981085605,171.68792291287053,167.6623665542272,170.69140625,55980100
2023-10-24,170.74070856198065,171.35243005141567,169.1620540054936,171.12550354003906,43816600
2023-10-25,169.58633193718455,170.75057806188605,168.3727349771656,168.81674194335938,57157000
2023-10-26,168.0964746462511,169.0930062294273,163.459197305812,164.6629180908203,70625300
2023-10-27,164.6826577744484,166.70530437202822,164.60372353518264,165.9751739501953,58499100
2023-10-30,166.76449089816728,168.8857938712959,166.61648356307745,168.0175323486328,51131000
2023-10-31,167.09008588386948,168.61938959873203,165.6594236135805,168.4911346435547,44846000
2023-11-01,168.71809981635425,171.9049930418825,167.84983811075637,171.64846801757812,56934900
2023-11-02,173.17774724497193,175.40758286457637,173.11855033416663,175.2003936767578,77334800
2023-11-03,171.91480549386804,174.46037768725847,171.03668297815753,174.29263305664062,79829200
2023-11-06,174.02629776104038,177.035584920202,173.85856813665714,176.8382568359375,63841300
2023-11-07,176.78889227095914,180.00539823599848,176.58170308551922,179.3936767578125,70530000
2023-11-08,179.91661457451394,181.00192645947115,179.16674685036813,180.44940185546875,49340300
2023-11-09,180.5184782994409,181.6629871195562,179.3838155582821,179.97581481933594,53763500
2023-11-10,181.7541222530608,184.32281184408907,181.3194195461175,184.15484619140625,66133400
2023-11-13,183.58186108306091,183.7893232540613,181.9912524470517,182.5741424560547,43627500
2023-11-14,185.4391901985185,185.84425545326624,184.0560589323069,185.1823272705078,60108400
2023-11-15,185.5874067506803,187.2175269447368,185.5182426445681,185.74546813964844,53790500
2023-11-16,187.2866746678448,188.6599317940755,186.37774261703024,187.42498779296875,54412900
2023-11-17,187.95848017105547,188.08691917335904,186.29872264128755,187.4052276611328,50922700
2023-11-20,187.60281994734132,189.598493753426,187.59294582194016,189.1440277099609,46505100
2023-11-21,189.10452557023848,189.21320125507725,187.45464204586924,188.3437957763672,38134500
2023-11-22,189.1835618351496,190.60620477415247,188.53150773289747,189.00572204589844,39617700
2023-11-24,188.57100791556655,188.60064536615056,186.970525284031,187.68185424804688,24048300
2023-11-27,187.6324673323309,188.37343380166536,186.6247487130357,187.5040283203125,40552600
2023-11-28,187.4941467613032,188.77849160556613,187.11871894105684,188.10667419433597,38415400
2023-11-29,188.6006665186497,189.77633577367203,186.6939199672285,187.08909606933597,43014200
2023-11-30,187.55341843722024,188.02764780463457,185.92329832736,187.6620941162109,48794400
2023-12-01,188.0375263099119,189.25270705783996,186.95076949469112,188.9365692138672,45704800
2023-12-04,187.69175492742627,187.76091903857423,185.19222907454912,187.14837646484372,43389500
2023-12-05,187.91898862751916,192.05850876803487,187.88933609882636,191.0903167724609,66628400
2023-12-06,192.10788966712872,192.4141533735728,189.79607806848605,190.0035552978516,41089700
2023-12-07,191.29779342674496,192.65128739108167,191.25826677194576,191.9300842285156,47477700
2023-12-08,191.86091528323507,193.629363703371,191.33730018286,193.3527374267578,53406400
2023-12-11,190.78404615931,191.15947399253525,189.11439931154692,190.8531951904297,60943700
2023-12-12,190.75437444051195,192.3746202178501,189.41075488796332,192.36474609375,52696900
2023-12-13,192.740180817866,195.61513413450965,192.50308121236984,195.57562255859372,70404200
2023-12-14,195.63490356313392,197.21562292408947,193.79730618821,195.72381591796875,66831600
2023-12-15,195.1507809689053,196.01029713155145,194.6271659416612,195.1903076171875,128538400
2023-12-18,193.7281513997374,194.2616557044012,192.04863040265064,193.5305633544922,55751900
2023-12-19,193.7973129513213,194.5777909959987,193.53056080250687,194.5679168701172,40714100
2023-12-20,194.5283970820936,195.2990010280865,192.48333740234372,192.48333740234372,52242800
2023-12-21,193.7380078229936,194.7061996333918,191.16931844438724,192.3350982666016,46482500
2023-12-22,192.8291141147171,193.0563546946672,190.6457412769504,191.2681579589844,37149600
2023-12-26,191.2780297879531,191.55465607108985,190.50742584564344,190.7247772216797,28919300
2023-12-27,190.1715235726757,191.16935301152336,188.7883770898652,190.8235626220703,48087700
2023-12-28,191.80165040931152,192.3153914106068,190.8433325169925,191.24839782714844,34049900
2023-12-29,191.56452296375952,192.0585006042798,189.4206618129017,190.2110290527344,42672100
2024-01-02,184.89581391743903,186.17028459685412,181.6750853181039,183.4040069580078,82488700
2024-01-03,182.00109375351624,183.6411028737897,181.2206007652541,182.03073120117188,58414500
2024-01-04,179.95601742530295,180.8846976415739,178.70132528842504,179.7189178466797,71983600
2024-01-05,179.79796753554595,180.5586821654936,177.99988188294327,178.99771118164062,62379700
2024-01-08,179.89677561800764,183.36450834315932,179.313885613353,183.32498168945312,59144500
2024-01-09,181.7047578864997,182.9199388244019,180.5290885321457,182.9100646972656,42841800
2024-01-10,182.129538572139,184.15483457675245,181.70471001714745,183.94737243652344,46792900
2024-01-11,184.2931687458137,184.7970355796361,181.4083411771675,183.3546142578125,49128400
2024-01-12,183.8189619436421,184.49077939116623,182.95944565085557,183.6806488037109,40477800
2024-01-16,179.96596299304443,182.04066033082452,178.75076697198392,181.4182586669922,65603000
2024-01-17,179.08663943068214,180.72663357001971,178.12832170152117,180.47964477539065,47317400
2024-01-18,183.84861706451355,186.86188405437403,183.5917540871004,186.3580322265625,78005800
2024-01-19,187.0495950335435,189.638033320768,186.5457432137029,189.2527313232422,68903000
2024-01-22,189.9837813694604,192.97728431537945,189.94425472083472,191.55462646484372,60133900
2024-01-23,192.67100968439368,193.39221269336167,191.4953406920358,192.82907104492188,42355600
2024-01-24,193.0662352402496,194.0146790217886,191.9992416391441,192.1573181152344,53631300
2024-01-25,192.8686550164736,193.90601120482225,190.7840685127456,191.831298828125,54822100
2024-01-26,191.93006387634745,192.41415228379137,189.6281264159501,190.1023406982422,44594000
2024-01-29,189.6972958396627,189.8850097627336,187.29657164460275,189.4206695556641,47145600
2024-01-30,188.64016451675863,189.4898065747188,185.21195883551243,185.77508544921875,55859400
2024-01-31,184.7871565213584,184.8464465035925,182.12956937209933,182.178955078125,55467800
2024-02-01,181.77391734166875,184.69825684937865,181.6059667346384,184.60934448242188,64885400
2024-02-02,177.69360884630905,185.0736348136651,177.09095561888776,183.6114654541016,102551700
2024-02-05,185.8837890630235,186.9705459545833,183.6016146657499,185.41944885253903,69668800
2024-02-06,184.6093298683978,187.02981736340612,184.5204175084795,187.0199432373047,43490800
2024-02-07,188.3437664109805,188.74883163449712,186.33821869210436,187.1285858154297,53439000
2024-02-08,187.1088468471974,187.257034106798,185.0934247416245,186.0517425537109,40962000
2024-02-09,186.61557552858977,187.94113632063824,185.97259122428568,186.8134307861328,45155200
2024-02-12,186.38806813077576,186.63537211912904,184.7756412965565,185.1317596435547,41781900
2024-02-13,183.76666370675508,184.20192116931864,181.5310258479947,183.0445251464844,56529500
2024-02-14,183.32148884677065,183.52921572281525,180.4725423642709,182.16409301757807,54630500
2024-02-15,181.57058851615943,182.50045391335385,179.39431647047903,181.8772430419922,65434500
2024-02-16,181.44196326564105,182.85654973235168,179.7108355866275,180.34393310546875,49752500
2024-02-20,179.82953567385852,180.4626331892475,178.05884601330092,179.60202026367188,53665600
2024-02-21,179.97792921674792,180.91768122956836,178.71173417109264,180.3538360595703,41371400
2024-02-22,181.50132758611664,182.9653779737103,180.49233824441416,182.38172912597656,52292200
2024-02-23,183.0148347964746,183.0445100670012,180.2648157032703,180.55169677734372,45119700
2024-02-26,180.27471486922383,180.78909628027105,178.7018500832812,179.20635986328125,40867400
2024-02-27,179.1470231922399,181.9366044562996,177.6236221032545,180.6605224609375,54318900
2024-02-28,180.5417731107642,181.14519536218177,178.18744973320082,179.46353149414062,48953900
2024-02-29,179.31514716008485,180.6011306821249,177.593906283425,178.80075073242188,136682600
2024-03-01,177.61370457626955,178.5831318593588,175.46710804516843,177.72251892089844,73563100
2024-03-04,174.25038035125658,174.99229230011673,171.9158301484072,173.2117156982422,81510100
2024-03-05,168.91851326517738,170.18470849670402,167.79080766540406,168.28541564941406,95132400
2024-03-06,169.21526961759642,169.39333632878757,166.86093094295472,167.2961883544922,68587700
2024-03-07,167.32586658446218,168.88882954707424,166.67299554984157,167.177490234375,71765100
2024-03-08,167.17750030588184,171.82681238429842,167.11814976227143,168.8888397216797,76267000
2024-03-11,171.07500788792643,172.49948126334272,170.1946063009313,170.88705444335938,60139500
2024-03-12,171.28272310113206,172.15323790323208,169.16580172767317,171.3618621826172,59825400
2024-03-13,170.90682879160028,171.32229764254458,168.91849524765144,169.28451538085938,52488700
2024-03-14,171.0453583294865,172.43025482252693,170.19463188540746,171.13438415527344,72913500
2024-03-15,169.32407812222547,170.75843811035156,168.4535633292171,170.75843811035156,121752700
2024-03-18,173.67662817447325,175.79354941833483,171.64873273149365,171.84657287597656,75604200
2024-03-19,172.45988088096897,174.70540499850514,171.1640105835326,174.18112182617188,55215200
2024-03-20,173.82501083363408,176.74319458007812,173.20180001631465,176.74319458007812,53423100
2024-03-21,175.14064960882752,175.5759069490651,168.99761322817335,169.5218963623047,106181300
2024-03-22,169.90770741812418,171.18380430580046,168.22604350725263,170.42210388183594,71160100
2024-03-25,168.7305586050563,170.08577952012527,167.6226265638577,169.00753784179688,54288300
2024-03-26,168.16670300567833,169.57138777241732,167.7512341389727,167.8798370361328,57388400
2024-03-27,168.5722893771007,171.72789059246503,168.27552158079686,171.44100952148438,60273300
2024-03-28,169.89781453968297,170.37263389978352,168.67118150733492,169.63072204589844,65672700
2024-04-01,169.3438900607447,169.40324060587884,167.6523240532299,168.19639587402344,46240500
2024-04-02,167.25661278755086,167.51380346702695,166.41577330219988,167.01919555664062,49329500
2024-04-03,166.9697540235435,168.83937157047524,166.7620271262386,167.8204803466797,47691700
2024-04-04,168.45358430225178,170.0660111961713,166.99945068359375,166.99945068359375,53704400
2024-04-05,167.76110742740823,168.55248310289795,167.12800990586356,167.751220703125,42104800
2024-04-08,167.20715459942008,167.37531948329715,166.425680716199,166.63340759277344,37425500
2024-04-09,166.88071513080217,168.2458378687617,166.53449863101693,167.8402557373047,42373800
2024-04-10,166.9796618833238,167.26652787853376,165.30788444762385,165.9706573486328,49709300
2024-04-11,166.52458559261677,173.56781241373886,166.34653399230652,173.15232849121094,91070300
2024-04-12,172.38075949507746,176.43655077441642,172.33131077483722,174.6460723876953,101670900
2024-04-15,173.46888692512982,174.72519524382946,170.6397290741028,170.8276824951172,73531800
2024-04-16,169.8978273072319,171.88614579113815,166.45536027289515,167.5533905029297,73711200
2024-04-17,167.78091646807815,168.80969440593617,166.1882781982422,166.1882781982422,50901200
2024-04-18,166.21793076697907,166.8213530127437,164.7538955996717,165.2386016845703,43122900
2024-04-19,164.41760010663418,164.60553846988037,162.3105651694999,163.22064208984375,68149400
2024-04-22,163.7350029833429,165.45622881020677,162.9930911354229,164.05154418945312,48116400
2024-04-23,163.56687071664174,165.24853488832454,163.14149999003314,165.1001434326172,49537800
2024-04-24,164.74402954196006,167.47427542099652,164.4176015378687,167.19729614257812,48251800
2024-04-25,167.7017887376114,168.7701438382538,166.33666581552853,168.0579071044922,50558300
2024-04-26,168.04800546826704,169.49225225997063,167.35554224826544,167.47425842285156,44838400
2024-04-29,171.5003643815301,174.13168243053624,171.2332869429431,171.62896728515625,68169400
2024-04-30,171.46081207960546,173.1029142716877,168.1667209693098,168.4931640625,65934800
2024-05-01,167.75123767315736,170.84748833564953,167.28630498280754,167.47425842285156,50383100
2024-05-02,170.64963546996492,171.54982559320527,169.04711048582428,171.16403198242188,94214900
2024-05-03,184.6371297001228,184.9833612803204,180.6901681758964,181.40240478515625,163224100
2024-05-06,180.383540128798,182.2135806366563,178.47434543693257,179.7504425048828,78569700
2024-05-07,181.47167851231157,182.90603874350563,179.36465862288415,180.43299865722656,77305800
2024-05-08,180.87814724687024,181.09577596912635,179.4932358239461,180.7693328857422,45057100
2024-05-09,180.59124108896245,182.6686003878229,180.14609698041687,182.5795745849609,48983000
2024-05-10,183.1540861312051,183.3422944852732,180.4102525825865,181.32156372070312,50759500
2024-05-13,183.68902280376187,185.3333522177452,182.8767582325011,184.5210876464844,72044800
2024-05-14,185.7394637127145,186.52201273815805,184.5309821431948,185.66021728515625,52393600
2024-05-15,186.13569714479723,188.8498155126645,185.60078753373725,187.92860412597656,70400000
2024-05-16,188.67151097089564,189.29556710780693,187.86916171755817,188.0474548339844,52845200
2024-05-17,187.72056236134895,189.0082902438942,187.3936765447615,188.07716369628903,41282900
2024-05-20,187.54228461702792,190.10782534306236,187.2252989090168,189.2361297607422,44361300
2024-05-21,189.28565540299903,190.9101693246029,189.11726241831752,190.5337677001953,42309400
2024-05-22,190.45454757387583,190.9993573729038,188.47343202447388,189.09747314453125,34648500
2024-05-23,189.1766947549615,189.19651013997455,184.8677780692908,185.11541748046875,51005900
2024-05-24,187.03710655742805,188.780482615826,186.26445766907557,188.18614196777344,36327000
2024-05-28,189.70171236146703,191.17764887438423,187.31447963213384,188.19607543945312,52280100
2024-05-29,187.8196378873868,190.43470949642943,187.72057607583483,188.4932098388672,53068000
2024-05-30,188.9587855239753,190.3653756748288,188.8300232981759,189.48377990722656,49889100
2024-05-31,189.6323583658605,190.7516933437122,188.1168063750808,190.4347076416016,75158300
2024-06-03,191.0785411330533,193.14881785405225,190.7021395503604,192.1978759765625,50080500
2024-06-04,192.80213237542048,193.4757194090645,191.2073340206378,192.51487731933597,47471400
2024-06-05,193.554944542032,195.0407809078553,193.02995023528447,194.0205078125,54156800
2024-06-06,193.8422276391208,194.64457691185424,192.33657578915964,192.6436462402344,41181800
2024-06-07,192.8120444256859,195.08042995429523,192.3068654552658,195.0308990478516,53103900
2024-06-10,195.04078477848907,195.4370168860641,190.3356361933404,191.2964782714844,97010200
2024-06-11,191.82148694435384,205.2039307530545,191.80168667352527,205.1940155029297,172373300
2024-06-12,205.4119153142898,218.1207705568888,204.9463520543296,211.05810546875,198134300
2024-06-13,212.71235034689784,214.70336573665497,209.60200000148347,212.21707153320312,97862700
2024-06-14,211.8307711431916,213.13829945342,209.30484597389383,210.48361206054688,70122700
2024-06-17,211.35527186274084,216.88258512602053,210.71141546378877,214.6241149902344,93728300
2024-06-18,215.5354294813442,216.5656178731208,210.9887736209857,212.2665863037109,79943300
2024-06-20,211.90998899500863,212.2170745602359,206.8779694770392,207.7001190185547,86172500
2024-06-21,208.4034185679189,209.88925500861836,205.1543907600995,205.5308074951172,241805100
2024-06-24,205.75863496180304,210.6916077953884,204.63929998769703,206.17466735839844,80727000
2024-06-25,207.1751328027417,209.3840873125504,206.64023830581655,207.0959014892578,55549700
2024-06-26,209.5029437835443,212.8312181049777,208.6510635966682,211.2364196777344,66213200
2024-06-27,212.6628556479076,213.70294435668097,210.3449540327298,212.07843017578125,49772700
2024-06-28,213.73263728250333,214.02980761283357,208.3142855019514,208.6312561035156,82542700
2024-07-01,210.0873668962765,215.4561875080808,209.91897391071572,214.703369140625,60402900
2024-07-02,214.1090169642201,218.29908645117231,213.0689435868198,218.19012451171875,58046200
2024-07-03,217.92267103394252,219.45803833007807,216.96182895702523,219.45803833007807,37369800
2024-07-05,219.55707203955853,224.31175124030364,219.55707203955853,224.20278930664065,60412400
2024-07-08,224.94572057418637,225.69855401964364,221.1419830377085,225.66883850097656,59085900
2024-07-09,225.77780318070188,227.2339241693749,224.232535628978,226.52072143554688,48076100
2024-07-10,227.134845857346,230.87915213144032,227.08531495764143,230.78009033203125,62627700
2024-07-11,229.2051258414663,230.19568345608252,223.63819688403007,225.42120361328125,64710600
2024-07-12,226.7584454352943,230.44332094014865,226.5207061684713,228.36314392089844,53046500
2024-07-15,234.24706826366577,234.9899864993383,230.8890784430144,232.18670654296875,62631300
2024-07-16,232.781045805997,234.03905824310996,230.1362587163494,232.60275268554688,43234300
2024-07-17,227.28346685481677,229.27449755440023,224.5000020674329,226.71885681152344,57345900
2024-07-18,228.10560948409145,228.26410233218343,220.17124832102243,222.06320190429688,66034600
2024-07-19,222.697149576551,224.65844923997824,221.17168252689004,222.19195556640625,49151500
2024-07-22,224.86647978572935,225.62921338494564,220.98349573063444,221.8452911376953,48201800
2024-07-23,222.25138924131517,224.7971293607533,220.57734458918785,222.8853454589844,39960300
2024-07-24,221.8849069457516,222.67735606492835,215.0797809310421,216.47645568847656,61777600
2024-07-25,216.86276105080304,218.7646448818125,212.59346035218636,215.43637084960935,51391200
2024-07-26,216.6349499920164,217.417498981548,213.9703475571551,215.9019470214844,41601300
2024-07-29,214.91140862229943,217.2293100492215,213.71282713597697,216.1793212890625,36311800
2024-07-30,217.1203256536185,218.24956072806748,214.07930652606245,216.7340087890625,41643800
2024-07-31,219.34907597117163,221.70660788092644,218.5467267386139,219.9830322265625,50036300
2024-08-01,222.25141811315143,222.36038006072013,214.9708283555684,216.2981719970703,62501000
2024-08-02,217.0807092384795,223.4698183577824,215.6543188775265,217.7840118408203,105568600
2024-08-05,197.210135996183,211.48407659683,194.14931622004067,207.2940216064453,119548600
2024-08-06,203.3614702980554,208.00718767754023,199.1714160471065,205.2732391357422,69660500
2024-08-07,204.9463646139573,211.62272838414276,204.441185671316,207.83880615234372,63516400
2024-08-08,211.097744151489,212.17744837655164,206.8581585633277,211.2958526611328,47161100
2024-08-09,210.09728825409005,214.7330909034816,209.9685109200368,214.1981964111328,42201600
2024-08-12,214.27753840147545,217.68898821235916,213.81143620679725,215.7254180908203,38028100
2024-08-13,217.19312608520667,220.04923895369575,217.19312608520667,219.43438720703125,44155300
2024-08-14,218.7402072098891,221.17979111862687,217.8774142480331,219.8806610107422,41960600
2024-08-15,222.7367590108339,223.48053712623224,220.9120118672479,222.8557586669922,46414000
2024-08-16,222.06237857544767,224.94824111633488,221.79461423345728,224.1747131347656,44340200
2024-08-19,223.84747960195196,224.115243980586,221.1897044016044,224.0160675048828,40687800
2024-08-20,223.8970689622142,225.28544883578485,223.5797163441377,224.63092041015625,30299000
2024-08-21,224.6408348597364,226.08871448701356,223.1830285060583,224.52182006835935,34765500
2024-08-22,225.90027790842765,226.44571820828537,222.04254943445835,222.66732788085935,43695300
2024-08-23,223.7879871535285,226.3267476403601,222.4690186706249,224.95819091796875,38677300
2024-08-26,224.87883517993083,225.39452559231563,222.0326490158817,225.29534912109372,30602200
2024-08-27,224.1251322421701,226.95149505120295,223.0243400581704,226.13829040527344,35934600
2024-08-28,226.02922904592305,227.95313769677003,223.80780609600177,224.6110992431641,38052200
2024-08-29,228.191123238114,230.98772097763543,226.98124300552124,227.88368225097656,51906300
2024-08-30,228.28039594132483,228.4886453526855,225.59287085733376,227.1002655029297,52990800
2024-09-03,226.65400042223428,227.1002642906876,219.335218503661,220.9219512939453,50190600
2024-09-04,219.82114598403248,219.94014563997789,215.67581475954933,219.0178680419922,43840200
2024-09-05,219.79139340374425,223.60944526365165,219.6823053430495,220.53517150878903,36615400
2024-09-06,222.09216799264016,223.3714749735505,217.94685141211724,218.98814392089844,48423000
2024-09-09,218.9881275735273,219.4343914347755,214.9122227273444,219.07737731933597,67180000
2024-09-10,217.10389659918584,219.64265710486697,214.9320618304677,218.28402709960935,51591000
2024-09-11,219.62280899168329,221.23927647566492,216.0824178921796,220.81285095214844,44587100
2024-09-12,220.6541869199912,221.69547936785247,217.9964268983011,220.9219512939453,37455600
2024-09-13,221.72520177663733,222.18137718301287,220.0690577657977,220.65415954589844,36766600
2024-09-16,214.74362792854853,215.4179946756504,212.14536768072225,214.5254669189453,59357400
2024-09-17,213.96019610771708,215.10064996456288,212.72056577105596,214.99156188964844,45519300
2024-09-18,215.7452565018275,220.86245391858552,215.7353297749969,218.8592071533203,59894900
2024-09-19,223.12352684243388,227.913459803403,222.7665127356472,226.9713287353516,66781300
2024-09-20,228.06222073119503,231.15633305592988,225.7317097608303,226.3069000244141,318679900
2024-09-23,225.4539947207776,227.5464908680899,223.9366887373741,224.5912170410156,54146000
2024-09-24,226.75314473243893,227.4473497336745,223.85737047004787,225.4837646484375,43556100
2024-09-25,223.064024182576,225.4044467600896,222.1615848378298,224.49208068847656,42308700
2024-09-26,225.41436171300208,226.6044036950252,223.54004142995944,225.63253784179688,36636700
2024-09-27,226.56475422029095,227.6159582791164,225.41437368594384,225.9002990722656,34026000
2024-09-30,228.13164162372897,231.0670928955078,227.7448775670891,231.0670928955078,54541900
2024-10-01,227.6159583693189,227.74486962890148,221.88390914906276,224.3334197998047,63285000
2024-10-02,224.0160654907427,225.4837834982784,221.1698792236784,224.898681640625,32880600
2024-10-03,223.27228007150777,224.928424248049,221.4673863197881,223.79788208007807,34044200
2024-10-04,226.009398951906,226.10857543260985,222.27068471823085,224.9185333251953,37245100
2024-10-07,222.63759275105315,223.81772316941647,219.4938922550209,219.8509063720703,39505400
2024-10-08,222.43922748770444,224.1052830735332,221.39793518045985,223.89703369140625,31855700
2024-10-09,223.3615300750172,227.84403724277385,222.9648544526125,227.63577270507807,33591100
2024-10-10,225.89038125247492,227.59611368544336,225.285441085757,227.13992309570312,28183500
2024-10-11,227.3977748208096,227.5068628874906,225.4540279414576,225.66229248046875,31759200
2024-10-14,226.8027579765277,229.80762063057296,226.70359663127624,229.38119506835935,39882100
2024-10-15,231.67201972311165,235.51983687729248,230.44230106244424,231.9100341796875,64751400
2024-10-16,229.6787087516564,230.19438406287304,227.9332995992129,229.85720825195312,34082200
2024-10-17,231.49350124327563,231.91003031839952,228.60765355789445,230.22412109375,32993800
2024-10-18,234.2206950473064,234.2206950473064,232.0686987091599,233.0504913330078,46431500
2024-10-21,232.5050303027995,234.8851292946414,232.5050303027995,234.5181884765625,36254500
2024-10-22,231.9496772340994,234.26034966164363,230.6703855707813,233.90333557128903,38846600
2024-10-23,232.13812257917172,233.18932661738796,225.87054472777703,228.8456573486328,52287000
2024-10-24,228.07215528955652,228.90519841888127,226.51518737581563,228.6572723388672,31109500
2024-10-25,227.8341207497304,231.2852470135028,227.665532857223,229.49026489257807,38802300
2024-10-28,231.38442210065008,232.78271346714027,230.6208056596869,231.4637451171875,36087100
2024-10-29,231.1662580738538,232.3860500186716,230.3927299983884,231.7315216064453,35417200
2024-10-30,230.68031899274527,231.5331852263952,227.64570650368097,228.19114685058597,47070900
2024-10-31,227.43744214117888,227.92338265648337,223.5003751779276,224.0359039306641,64370100
2024-11-01,219.1368672842602,223.4805363045207,218.44267740554844,221.06077575683597,65276700
2024-11-04,219.15671602208408,220.9417714715672,217.88733586004025,220.16824340820312,44944500
2024-11-05,219.9599772111233,222.0921350198155,219.30544885909725,221.5962829589844,28111300
2024-11-06,220.7632721624041,224.19457534628128,219.35505401685137,220.8723602294922,54561100
2024-11-07,222.7665171269793,225.9895557457087,222.7070172967094,225.5928649902344,42137700
2024-11-08,225.53330763226649,227.01257809039103,224.77878865400956,225.3248291015625,38328800
2024-11-11,223.37892800863307,224.07388164377815,219.90414468405436,222.61447143554688,42005600
2024-11-12,222.9321731823864,223.96467356190877,221.75074442821315,222.61447143554688,40398300
2024-11-13,222.39605879884869,225.01703765642935,221.15506473467505,223.49806213378903,48566200
2024-11-14,223.3987876531247,227.2210402122622,223.3789275067786,226.5757293701172,44923900
2024-11-15,224.768828738636,225.28508648780172,222.65418524957263,223.37892150878903,47923700
2024-11-18,223.62713486361545,228.08479108540536,223.54770942404784,226.37718200683597,44633700
2024-11-19,225.34467799276683,228.501774994788,225.02699136706505,226.63531494140625,36211800
2024-11-20,226.41689814964724,228.27342054954684,224.26253412411583,227.35012817382807,35169600
2024-11-21,227.2309725554499,228.50174921258224,224.08381355701644,226.87356567382807,42108300
2024-11-22,226.4168797117104,229.0577186823492,226.4168797117104,228.21383666992188,38168300
2024-11-25,229.79240040372403,231.5694972757357,228.08479132337305,231.19223022460935,90152800
2024-11-26,231.64890834638587,233.8727750720934,231.64890834638587,233.36643981933597,45986200
2024-11-27,232.78068842055708,233.99189975911068,232.1254399622211,233.23736572265625,33498400
2024-11-29,233.11825362062933,236.0966394139658,232.28430923422,235.6201019287109,28481400
2024-12-02,235.5605381566453,239.0551666028684,235.45133007089743,237.8638153076172,48137100
2024-12-03,238.0822139315433,241.01095673492532,237.17876666593097,240.90174865722656,38861000
2024-12-04,241.12017980186528,242.35125137710352,239.51185632927687,241.25917053222656,44383900
2024-12-05,242.2321233137982,242.7781485930641,240.38552350615552,241.28895568847656,40033900
2024-12-06,241.1599112680226,242.86752040520184,240.3358893466864,241.0904083251953,36870600
2024-12-09,240.0876781705053,245.45870413211117,240.0082527322972,244.97222900390625,44649200
2024-12-10,245.1111986848389,246.42169557945556,243.57236314301568,245.98486328125,36914800
2024-12-11,246.17350623578653,248.9930409884295,244.48574226451257,244.71409606933597,45205800
2024-12-12,245.11120954102955,246.9478867446912,243.90992066775823,246.1735076904297,32777500
2024-12-13,246.0345210589055,247.49391610940148,244.46590277835176,246.34228515625,33155300
2024-12-16,246.2033097230519,249.56888515433104,245.8657478109084,249.2313232421875,51694800
2024-12-17,248.2782195012147,252.00120141225344,247.98037791856115,251.6537170410156,51356400
2024-12-18,250.3432677271904,252.4479889260113,245.95511429725676,246.26287841796875,56774100
2024-12-19,245.71681628677703,250.18439476471843,245.30976661195103,247.9903106689453,60882300
2024-12-20,246.2529371403228,253.16279902630112,243.919877297432,252.65647888183597,147495300
2024-12-23,252.93446477293037,253.80811434244583,251.6239676953758,253.4308624267578,40858800
2024-12-24,253.64924013847912,256.34962902881983,253.45066898797964,256.3397216796875,23234700
2024-12-26,256.32983230675023,258.2260750496306,255.7738693378932,257.1538391113281,27237100
2024-12-27,255.9724022209019,256.8361595932908,251.23677948504653,253.74855041503903,42355300
2024-12-30,250.4127324736,251.6735866364952,248.94339979921563,250.3829498291016,35557500
2024-12-31,250.62123433005317,251.45517870098837,247.6329109442556,248.61578369140625,39480700
2025-01-02,247.13651085819407,247.3052993793268,240.0777512722144,242.09312438964844,55740700
2025-01-03,241.60665893554688,242.4207431843357,240.14724866814672,241.60665893554688,40244100
2025-01-06,242.549801627174,245.54804748087852,241.4477983095151,243.23483276367188,45045600
2025-01-07,241.22939201717415,243.78088314896328,239.61114601786815,240.46495056152344,40856000
2025-01-08,240.1770368943837,241.9541489627904,238.32051453305576,240.951416015625,37628900
2025-01-10,238.28077607985776,238.42970445265777,231.3212870184269,235.1435546875,61710900
2025-01-13,231.84748509521597,232.9792711307645,228.06493742769467,232.71121215820312,49630700
2025-01-14,233.05869925952223,234.41882398797216,230.79512716232853,231.5992889404297,39435300
2025-01-15,232.94947976770305,237.2383625727966,232.74098609709984,236.1562042236328,39832000
2025-01-16,235.63995285298608,236.29518618874627,226.38709407905125,226.6154327392578,71759100
2025-01-17,230.44764042021455,230.6164138035219,226.833866130533,228.32305908203125,68488300
2025-01-21,222.38610589383063,222.80307802451944,217.7993973074028,221.0359039306641,98070400
2025-01-22,218.2064751614249,222.5052806842356,218.2064751614249,222.2173767089844,64126500
2025-01-23,223.1208199792776,225.394314538592,220.69839703644928,222.0485992431641,60234800
2025-01-24,223.160517277336,224.00439930767484,219.81480209957203,221.1749267578125,54697900
2025-01-27,222.4059977899183,230.47741293083345,222.36627749626695,228.20391845703125,94863400
2025-01-28,229.1868093297106,238.45951413038736,229.1470890329199,236.5434112548828,75707600
2025-01-29,232.4332150558305,238.1318651456976,232.3240069742682,237.63546752929688,45486100
2025-01-30,236.95044029141235,239.05516137192973,235.500967711044,235.8782196044922,55658300
2025-01-31,245.40906406001392,245.40906406001392,231.7581291617668,234.2996826171875,100959800
2025-02-03,228.33299411580023,230.15973381299625,224.0738938399255,226.36724853515625,73063300
2025-02-04,225.61271003037928,231.45035067549784,225.0170268486458,231.1227264404297,45067300
2025-02-05,226.8835194075747,230.9936915376493,226.62539807097704,230.79513549804688,39620300
2025-02-06,229.6236309743156,232.11555701043588,228.7698263631288,231.53973388671875,29925300
2025-02-07,230.9241838961893,232.31409120281864,225.6226456863809,225.989990234375,39707200
2025-02-10,228.16662274990708,229.18037646801733,225.8111004860379,226.2583465576172,33115600
2025-02-11,226.8049592810601,233.7919821040532,226.7353950927951,231.19793701171875,53718400
2025-02-12,229.78663009476247,235.51142789245532,229.26980470124647,235.4219665527344,45243300
2025-02-13,235.4617298072221,240.85852795215615,234.1299251101732,240.0534820556641,53614100
2025-02-14,239.77520922194773,244.0489258287467,239.5168040933544,243.104736328125,40896200
2025-02-18,242.6574585849239,243.6811607859394,240.36158248040348,242.9755096435547,48822500
2025-02-19,243.16433914739287,244.5060771785356,241.67350900245088,243.373046875,32204200
2025-02-20,243.4426507707668,245.2713989598738,242.7966152101895,244.32720947265625,32316900
2025-02-21,244.44645306890683,247.1697083342209,243.72091995824803,244.0489044189453,53197400
2025-02-24,243.43268408373555,247.3386670527108,242.92580728065096,245.5894317626953,51326400
2025-02-25,246.48393846255715,248.47171215983585,243.41283173998391,245.52980041503903,48013300
2025-02-26,242.83637220684057,243.48239258336395,237.66816369812489,238.89064025878903,44433600
2025-02-27,237.9464364184556,240.97779411500133,235.61079643123784,235.84933471679688,41153600
2025-02-28,235.5014815283524,240.61005923211764,228.7927454203557,240.3615875244141,56833400
2025-03-03,240.31189930334125,242.53821134874983,234.66662916873,236.57489013671875,47184000
2025-03-04,236.25684921580157,238.6024227827577,233.2453581153048,234.4877166748047,53798100
2025-03-05,233.98083809185871,235.1039350742086,227.82867612475383,234.29888916015625,47227600
2025-03-06,233.00684447444675,236.4059358119138,231.73467047090972,233.8914031982422,45170400
2025-03-07,233.6727371800736,239.89446338205195,233.3248707174565,237.6085357666016,46273600
2025-03-10,234.10009611136832,234.71631625547707,222.84930513729452,226.08937072753903,72071200
2025-03-11,222.4418202229124,224.45940937640347,216.1206990584521,219.48997497558597,76137400
2025-03-12,218.7942815006733,220.39444016213503,213.5962567862592,215.65359497070312,62547500
2025-03-13,214.6298526174969,215.5144112677834,207.14588618522245,208.39817810058597,61368300
2025-03-14,209.9585940343847,212.6420854575803,208.2988048386841,212.18490600585935,60107600
2025-03-17,212.00601857046763,213.90434624612,208.6864398646377,212.6918029785156,48073400
2025-03-18,212.85081593904235,213.83475423543345,210.19713981325924,211.38980102539065,42432400
2025-03-19,212.91044076829724,217.4226803637017,212.443312738742,213.92420959472656,54385400
2025-03-20,212.6818553101102,216.16045933121796,210.92267131595003,212.7911834716797,48862900
2025-03-21,210.26669685360037,217.5021918152461,209.9884097524224,216.9356842041016,94127800
2025-03-24,219.64899945464327,220.1260609084734,217.2437950361324,219.38064575195312,44299500
2025-03-25,219.4204082670252,222.73005335992565,218.73462390108503,222.38218688964844,34493600
2025-03-26,222.1436424317859,223.64442126802376,219.12223310716143,220.17575073242188,34466100
2025-03-27,220.036629351702,223.61462840697533,219.211701370472,222.48159790039065,37094800
2025-03-28,220.31488968867507,222.44180687800483,216.34927581514728,216.56793212890625,39818600
2025-03-31,215.6833836525119,224.24075018814543,214.90815310911736,220.7720947265625,65299300
2025-04-01,218.46626491168396,222.31260214779184,217.5618242432653,221.8256072998047,36412700
2025-04-02,219.9670353213626,223.8133724100327,219.66886624627367,222.5213165283203,35905900
2025-04-03,204.28348559152053,206.2215769781628,200.0197179050274,201.94786071777344,103419000
2025-04-04,192.70471987275084,198.65810753704545,186.19475800144227,187.22840881347656,125910900
2025-04-07,176.11674047268428,192.96311894309864,173.55251067175698,180.3507080078125,160466300
2025-04-08,185.55866963100107,189.176417114886,168.175598539417,171.365966796875,120859500
2025-04-09,170.89883496621582,199.38363475051756,170.83920418374143,197.6343994140625,184395900
2025-04-10,187.9141823452429,193.58926741380884,181.88128226075605,189.25592041015625,121880000
2025-04-11,184.96236474624945,198.32019241914816,184.9226007761468,196.93869018554688,87435900
2025-04-14,210.14745189040863,211.63828226401768,199.93029560984905,201.281982421875,101352900
2025-04-15,200.62597928160577,202.2658863473441,198.5785750100267,200.90426635742188,51343900
2025-04-16,197.1474065096439,199.47309822086447,191.19401850640656,193.08241271972656,59732400
2025-04-17,195.99447418061752,197.6145145196776,193.2314700862815,195.77581787109372,52164700
2025-04-21,192.08849990403365,192.6152586778503,188.64964501381647,191.9791717529297,46742500
2025-04-22,194.921085932704,200.3576482646354,194.77200897005903,198.5189666748047,52976400
2025-04-23,204.74067860292735,206.7284521815966,201.56024391015845,203.3492431640625,52929200
2025-04-24,203.6374845300284,207.5534013078127,201.69940812530305,207.09620666503903,47311000
2025-04-25,205.1084114199,208.46775361357265,204.9394524859384,208.0006256103516,38222300
2025-04-28,208.71623364812055,210.2070638884643,206.1917677806294,208.8553771972656,38743100
2025-04-29,207.4142395090872,210.94254069563792,207.0961884524305,209.91883850097656,36827600
2025-04-30,208.0205233254963,212.2743578831654,205.4065960245207,211.20095825195312,52286500
2025-05-01,207.80187477964563,213.2483707428857,207.62296725165956,212.01596069335935,57365700
2025-05-02,204.83016269927805,205.7246700746057,200.9241941734334,204.09469604492188,101010600
2025-05-05,201.8584031530013,202.8522898939505,196.99829759637964,197.67413330078125,69018500
2025-05-06,196.9983091053983,199.42338015596505,195.81558138809012,197.2964630126953,51216500
2025-05-07,197.95242524507103,198.2207789180717,192.0686174137577,195.0502777099609,68536700
2025-05-08,196.5113045675241,198.82706269335063,193.4898801219913,196.28271484375,50478900
2025-05-09,197.7834732241415,199.31405222350435,196.3323918231404,197.31634521484372,36453900
2025-05-12,209.95526516858175,210.2538252478288,205.75556156059076,209.776123046875,63775800
2025-05-13,209.4178625594749,212.3735786127325,207.99474788922345,211.9058380126953,51909300
2025-05-14,211.4082562510552,212.91100323820052,209.5671634108319,211.30874633789065,49325800
2025-05-15,209.9353730316401,211.93571508448807,208.53215118256117,210.43296813964844,45029500
2025-05-16,211.33859654598928,211.54759317457453,208.76105751069144,210.24388122558597,54737900
2025-05-19,206.90999202317107,208.4724326946764,203.2775387890809,207.7758026123047,46140500
2025-05-20,206.6711529249315,207.4673081447902,204.04385132917625,205.86505126953125,42496600
2025-05-21,204.18318404217405,206.0441849710538,199.7446439816099,201.1179962158203,59211800
2025-05-22,199.74461200022,201.77479312617928,198.7394602788173,200.3914794921875,46742400
2025-05-23,192.738469754576,196.74908474491085,192.52948833207407,194.33078002929688,78432900
2025-05-27,197.34622283817183,199.77448939448533,196.4803970243206,199.24703979492188,56288500
2025-05-28,199.6252046868552,201.7549111726597,198.9385209981625,199.45602416992188,45339700
2025-05-29,202.60082660426147,202.82971610271787,197.55520490499055,198.98828125,51396800
2025-05-30,198.41106448584637,200.98861863398105,195.8335255231089,199.8839569091797,70819900
2025-06-02,199.31669015009305,201.15779807678396,199.15745607510848,200.7298583984375,35423300
2025-06-03,200.38156440883068,202.7899230095772,199.9934408158467,202.29232788085935,46381600
2025-06-04,201.9340306292736,205.24801554678163,201.1279290627925,201.84446716308597,43604000
2025-06-05,202.521183994692,203.765171611367,199.1872911078447,199.6649932861328,55126100
2025-06-06,202.0236053289331,204.7106157617459,201.07817770068,202.93917846679688,46607700
2025-06-09,203.4069099948636,205.0091667110405,199.05793398755327,200.4810485839844,72862600
2025-06-10,199.63515466910712,203.36711781582227,199.6053001787652,201.6951904296875,54672600
2025-06-11,202.52118145308685,203.51637153393744,197.4556675860525,197.82388305664065,60989900
2025-06-12,198.12246436103905,198.7195693623348,196.4107360236097,198.24188232421875,43904600
2025-06-13,198.769334334526,199.4062554549193,194.7587190445596,195.50511169433597,51447300
2025-06-16,196.3510290449251,197.7343428123237,195.61458283187795,197.46563720703125,43020700
2025-06-17,196.2514839890114,197.43576263348731,194.27106541566712,194.6989898681641,38856200
2025-06-18,194.99756984742208,196.61973472966923,194.13175923439317,195.63449096679688,45394700
2025-06-20,197.28649906078425,200.7298484455588,195.9131318065836,200.03321838378903,96813500
2025-06-23,200.6601870689569,201.32696262150705,198.00303129313016,200.5308074951172,55814300
2025-06-24,201.61557243039425,202.46149014710028,199.23706853700068,199.3365936279297,54064000
2025-06-25,200.4810436177515,202.6903668657116,199.65503400834336,200.59051513671875,39525700
2025-06-26,200.4611428555203,201.66532960796235,198.50063224789568,200.03321838378903,50799100
2025-06-27,200.91895566349635,202.2425604964941,199.03804672932017,200.11285400390625,73188600
2025-06-30,201.03836190454115,206.3924899085516,198.3015889216639,204.18316650390625,91912800
2025-07-01,205.6759415551798,209.17901505124104,205.1484920031366,206.82041931152344,78788900
2025-07-02,207.90517762155156,212.3138626915596,207.13887695509675,211.41819763183597,67941800
2025-07-03,211.1295823572572,213.6175577099725,210.7912213537831,212.5228576660156,34955800
2025-07-07,211.65703516300363,215.18996325511677,207.7957076824449,208.94017028808597,50229000
2025-07-08,209.08947184941584,210.4130614823681,207.44739887083225,208.99989318847656,42848900
2025-07-09,208.5222090540861,210.31355451699517,206.22332203726856,210.1244659423828,48749400
2025-07-10,209.49748097232364,212.45319704499605,209.0197939340788,211.3883514404297,44443600
2025-07-11,209.55718962168865,211.1096837700706,208.8505979590809,210.14434814453125,39765800
2025-07-14,208.92025854176603,209.89555581124029,206.5417547175356,207.61656188964844,38840100
2025-07-15,208.2137043224775,210.8708604550018,207.915144211828,208.10423278808597,42296300
2025-07-16,209.28849593835915,211.37838618562168,207.63647661047767,209.149169921875,47490500
2025-07-17,209.5571995447156,210.78127919114968,208.5819022531988,209.0098419189453,48068100
2025-07-18,209.8557390930104,210.77131219576944,208.69136845628208,210.16424560546875,48974600
2025-07-21,211.07984586548804,214.74213848423943,210.61210526026528,211.4580078125,51377400
2025-07-22,212.1148250502387,213.91611676733493,211.20919838168209,213.36875915527344,46404100
2025-07-23,213.96589762082587,214.11517007989065,211.38835859165647,213.11997985839844,46989300
2025-07-24,212.87116805528336,214.65256693634575,212.50295255730364,212.7318420410156,46022600
2025-07-25,213.6673206036272,214.2047317845148,212.3735703810196,212.8512725830078,40268800
2025-07-28,213.000569237894,213.8166325366559,212.03523347491875,213.02047729492188,37858000
2025-07-29,213.14982178903043,213.7767964509494,209.80599741985404,210.2538299560547,51411700
2025-07-30,210.88077731884883,211.3684259373732,206.720889966108,208.04449462890625,45512500
2025-07-31,207.4872131893059,208.83071086700429,206.1636083824018,206.57164001464844,80698400
2025-08-01,209.85574027592585,212.5527122409286,200.5308135095244,201.40658569335935,104434500
2025-08-04,203.52634207300895,206.88014336875773,200.70995198839023,202.37193298339844,75109300
2025-08-05,202.42167200915333,204.35234334482283,201.18764593221573,201.9439849853516,44155100
2025-08-06,204.6409599471833,214.3440641251077,204.60114383647723,212.22430419921875,108483100
2025-08-07,217.82723230897545,219.78775818606877,215.53829184895108,218.97169494628903,90224800
2025-08-08,219.7678327416961,229.8889142887861,218.19543055331755,228.24685668945312,113854000
2025-08-11,227.08115402328403,228.71511750604432,223.9327805410339,226.3438720703125,61806100
2025-08-12,227.1708307452597,229.95057099439725,226.23430307406312,228.80479431152344,55626200
2025-08-13,230.2195756343437,234.1351043372746,229.5819165003467,232.47125244140625,69878500
2025-08-14,233.1985666998313,234.25466305951576,230.0003892485326,231.92327880859372,51916300
2025-08-15,233.13877413921492,233.41774239633352,228.4959213987516,230.73764038085935,56038700
2025-08-18,230.8472538899505,232.26202593201924,229.26310933608104,230.0402374267578,37476200
2025-08-19,230.4287923573085,232.01293684851592,228.50590285589897,229.71144104003903,39402600
2025-08-20,229.13358225147155,229.6217843388592,224.939085159242,225.17819213867188,42263900
2025-08-21,225.4372491279448,225.68632903786573,222.9564077521854,224.07228088378903,30621200
2025-08-22,225.33760837029212,228.2468598588307,224.58041092619504,226.9217529296875,42477800
2025-08-25,225.6464541310901,228.45608264282487,225.3973742361901,226.32395935058597,30983100
2025-08-26,226.0350268937484,228.6453946309622,223.86305742355088,228.46604919433597,54575100
2025-08-27,227.76862267507164,230.05018785299507,227.41990473660533,229.64170837402344,31259500
2025-08-28,229.97051505486425,232.55097936868037,228.49595098757067,231.7041015625,38074700
2025-08-29,231.65426265633036,232.52107103838583,230.51845893056876,231.2856292724609,39418400
2025-09-02,228.4062860305561,230.00040359535527,226.13467838242784,228.8745574951172,44075600
2025-09-03,236.33698891571112,237.9709525201245,233.49747185558655,237.59234619140625,66427800
2025-09-04,237.5723998534893,239.0170601981439,235.8687018920251,238.8975067138672,47549400
2025-09-05,239.1167027112504,240.43185187342493,237.61226559630575,238.80784606933597,54870400
2025-09-08,238.41928864081729,239.2661511981365,235.4701758698508,237.0045166015625,48999500
2025-09-09,236.12774389612645,237.9011915581232,232.5011411802574,233.4875030517578,66313900
2025-09-10,231.3354573908009,231.56460664903227,225.118417424808,225.955322265625,83440800
2025-09-11,226.04499474029723,229.6018477916261,225.81583028738916,229.1833953857422,50208600
2025-09-12,228.37638560886936,233.6469097348115,228.17712472443904,233.2085418701172,55824200
2025-09-15,236.1277410783948,237.31336381412063,234.1649902844441,235.82884216308597,42699500
2025-09-16,236.30708253667356,240.3322223551857,235.45026224943368,237.2735137939453,63421100
2025-09-17,238.09049720761,239.21634322602875,236.85505542454317,238.1104278564453,46508000
2025-09-18,239.08682096339743,240.31228984200703,235.77903252032195,237.0045166015625,44249600
2025-09-19,240.342162048153,245.3935094903633,239.32592704772568,244.5964508056641,163741300
2025-09-22,247.38616206443075,255.69547916115812,247.2068166293636,255.13751220703125,105517400
2025-09-23,254.9382669065294,256.3928850249964,252.646728760892,253.49359130859372,60275200
2025-09-24,254.28068708944184,254.7987775332095,250.11606329601625,251.3813934326172,42303700
2025-09-25,252.27808820484515,256.22352044118514,250.7836088309123,255.9246063232422,55202100
2025-09-26,253.1648106749593,256.6519291955366,252.84598111295836,254.51980590820312,46076300
2025-09-29,253.62311772285491,254.06150078407973,252.07881928540596,253.49359130859372,40127700
2025-09-30,253.9220203508673,254.97811672142572,252.17846100632588,253.69287109375,37704300
2025-10-01,254.1013624635733,257.8375764362911,253.9917666915456,254.5098571777344,48713900
2025-10-02,255.6356607808825,257.229778167004,253.2146115335708,256.18365478515625,42630200
2025-10-03,253.73271197999827,258.2858846694617,253.01536064819075,257.07037353515625,49155600
2025-10-06,257.0404730386864,258.11651518827176,254.11130630837613,255.74526977539065,44664100
2025-10-07,255.86484387966763,256.45266881763376,254.48991791397023,255.53607177734372,31955800
2025-10-08,255.57591915435188,257.5685585594684,255.16742442767125,257.1102600097656,36496900
2025-10-09,256.8611554198282,257.0504585775582,252.2083446799687,253.1050262451172,38322000
2025-10-10,254.00171816056968,255.436420799504,243.10197943699816,244.3673095703125,61999100
2025-10-13,248.46219085423505,248.7710475029622,244.6562426215344,246.7485198974609,38142900
2025-10-14,245.69241642712316,247.93413549962375,243.79940008876653,246.8581085205078,35478000
2025-10-15,248.5717898296712,250.8932163906544,246.559219921403,248.42233276367188,33893600
2025-10-16,247.33635013275975,248.1234359576197,244.22783772705108,246.53929138183597,39777000
2025-10-17,247.10719170360767,252.44746537322092,246.35995200283696,251.3614654541016,49147000
2025-10-20,254.94822099113512,263.4069798400544,254.68918336894043,261.2748413085937,90483000
2025-10-21,260.916147926868,264.313600971564,260.8663137101643,261.8028564453125,46695900
2025-10-22,261.6833338430701,261.882609922878,254.4899051977633,257.4988098144531,45015300
2025-10-23,258.98329410338334,259.66078406832133,257.06040475940137,258.6246032714844,32754900
2025-10-24,260.2287466983284,263.1579290692685,258.2261343576155,261.8527526855469,38253700
2025-10-27,263.90514984178776,268.1295353654346,263.67598537979285,267.8206787109375,44888200
2025-10-28,268.00000632210845,268.8967183092297,267.1631014853557,268.0099792480469,41534800
2025-10-29,268.28892986747474,270.4110953948544,266.1269030442272,268.7073974609375,51086700
2025-10-30,270.98894793982623,273.1310593223432,267.49188695276854,270.401123046875,69886500
2025-10-31,275.9705701844509,276.29937269597025,268.16940070155243,269.3749389648437,86167100
2025-11-03,269.424736694289,269.8531467885877,265.2700709373508,268.05975341796875,50194600
2025-11-04,267.3424445625432,270.49081837885313,266.6350661079627,269.0461730957031,49274800
2025-11-05,267.6214146886098,270.7000692568828,265.94760492323326,269.14581298828125,43683100
2025-11-06,266.90407480138714,272.3937751745226,266.90407480138714,268.7771301269531,51204000
2025-11-07,268.80702532983145,271.2878818962731,265.7881780523408,267.48193359375,48227400
2025-11-10,268.2298830249396,272.9869540449525,266.7339548671466,268.6986083984375,41312400
2025-11-11,269.07757258136417,275.16101963639426,269.0675899882029,274.5028076171875,46208300
2025-11-12,274.2534760098269,274.9815052844664,270.9624464716027,272.7276306152344,48398000
2025-11-13,273.36590026791555,275.9488963676571,271.3513946141157,272.2090759277344,49602800
2025-11-14,270.31417782757546,275.21085247368256,268.8681323529343,271.6705017089844,47431300
2025-11-17,268.0902717401977,269.7557213346742,265.00866346949266,266.73394775390625,45018300
2025-11-18,269.25711627506445,269.9751630894399,264.5998097936244,266.71405029296875,45677300
2025-11-19,264.8091896065648,271.47104873805114,264.77927226211665,267.8309631347656,40424500
2025-11-20,270.0948061865016,274.68232536305425,265.1981613886433,265.5272521972656,45823600
2025-11-21,265.2280517805383,272.5879921198442,264.9488130991126,270.75299072265625,59030800
2025-11-24,270.164627965921,276.24807542504453,270.164627965921,275.1710205078125,65585800
2025-11-25,274.52277261748515,279.6189174225992,274.50283786370125,276.2181701660156,46914200
2025-11-26,276.2081750495132,278.7712060098946,275.8790842359358,276.79656982421875,33431400
2025-11-28,276.50736791500816,278.242634823177,275.2407959413455,278.0930480957031,20135600
2025-12-01,277.2553332443013,282.65065109438723,275.3904143522869,282.3315124511719,46587700
2025-12-02,282.231773534172,286.619823290159,281.86278279875575,285.4131164550781,53669500
2025-12-03,285.4231155973949,287.8365294074879,282.5309633672564,283.378662109375,43538700
2025-12-04,283.3287830094401,283.95707766942763,277.8337308175164,279.9380187988281,43989100
2025-12-05,279.7784866384076,280.3768640337961,277.2952250127556,278.02325439453125,47265800
2025-12-08,277.374989388386,278.9108174051644,275.4003533668138,277.1356506347656,38211800
2025-12-09,277.40493251311347,279.2698514894354,276.16830825817004,276.4275817871094,32193300
2025-12-10,276.99605153243056,278.9906225605669,275.6896099437804,278.02325439453125,33038300
2025-12-11,278.34237127554803,278.8310314000742,273.0667227973629,277.2752685546875,33248000
2025-12-12,277.1456542987284,278.4620785577588,276.06859927253834,277.5246276855469,39532900
2025-12-15,279.3894873363706,279.3894873363706,272.0993337942639,273.3658752441406,50409100
2025-12-16,272.07941349564567,274.752131096348,271.0522107383373,273.8645324707031,37648600
2025-12-17,274.2634587890498,275.41033087528734,270.9026119684932,271.10205078125,50138700
2025-12-18,272.8672697170699,272.88723490520505,266.22537510199504,271.4511413574219,51630700
2025-12-19,271.4112306527045,273.8545921928022,269.1673383776201,272.9271240234375,144632000
2025-12-22,272.1192896847017,273.13654030849926,269.7756932559407,270.23443603515625,36571800
2025-12-23,270.1048034873943,271.7603010837797,268.8282792538215,271.62066650390625,29642000
2025-12-24,271.60070067851706,274.6823088952694,271.46109654935304,273.06671142578125,17910600
2025-12-26,273.4157529954652,274.6224597374741,272.11926379011726,272.6578063964844,21521800
2025-12-29,271.9497734782625,273.6152231466168,271.6107000753325,273.0168762207031,23715200
2025-12-30,272.06942798009953,273.3359694836473,271.54086793463244,272.33868408203125,22139600
2025-12-31,272.3187639976345,272.9370761103812,271.0123224859311,271.1220092773437,27293600
2026-01-02,271.5209292436992,277.0857683126949,268.2697691424855,270.2743225097656,37838100
2026-01-05,269.9053450243044,270.7729784841199,265.41756056202854,266.5345153808594,45647200
2026-01-06,266.27521573774703,266.82371056256306,261.40845786144683,261.6477966308594,52352100
2026-01-07,262.48552563718374,262.964203143993,259.1047135716701,259.623291015625,48309800
2026-01-08,256.3222864925608,258.58614386359903,255.0058776573516,258.3368225097656,50419300
2026-01-09,258.3767027680543,259.5036402038468,255.52448097015204,258.6659240722656,39997000
2026-01-12,258.45648066308013,260.5906555331263,256.1028713590674,259.54351806640625,45263800
2026-01-13,258.0176775418968,261.0992857475004,257.6885867541948,260.3413391113281,45730800
2026-01-14,258.78560808748875,261.10930037675524,256.0131555781144,259.2543334960937,40019400
2026-01-15,259.9424426175537,260.3313985459844,256.35220896361545,257.5090637207031,39388600
2026-01-16,257.1999111311508,258.1971965798445,254.2379721311412,254.8363494873047,72142800
2026-01-20,252.04394930256512,254.09835490933511,242.75922413209136,246.0303192138672,80267500
2026-01-21,248.02490552393743,250.8771427168815,244.51445623630568,246.97775268554688,54641700
2026-01-22,248.52352576906395,250.31864258405668,247.47637302553755,247.67584228515625,39708300
2026-01-23,246.6486524137701,248.7329754164565,244.01580413580567,247.3666839599609,41689000
2026-01-26,250.7973351598156,255.863546959882,249.12190294519743,254.7166748046875,55969200
2026-01-27,258.4664593428383,261.23891141767155,257.50904348719195,257.5688781738281,49648300
2026-01-28,256.95060341967536,258.15731035497566,253.8191275531099,255.743896484375,41288000
2026-01-29,257.29964922744847,258.94516415300217,253.7193980705993,257.5788879394531,67253000
2026-01-30,254.47732177254832,261.1890484668085,251.4954328536096,258.775634765625,92443400
2026-02-02,259.3241487899344,269.7557466562268,258.50636737104884,269.2770690917969,73913400
2026-02-03,268.4692659190308,271.1419837262723,266.88355520832346,268.7485046386719,64394700
2026-02-04,271.5508302866565,278.19275421850585,271.5508302866565,275.7394104003906,90545700
2026-02-05,277.37501624935936,278.7412924914769,272.48832346973,275.1610412597656,52977400
2026-02-06,276.3677049075235,280.1474248180158,276.1782182606431,277.364990234375,50453400
2026-02-09,277.41494619870406,277.70443813431814,271.2160169672847,274.1307983398437,44623400
2026-02-10,274.4003102195724,274.87943562430115,272.4537718732244,273.19244384765625,34376900
2026-02-11,274.2106536370846,279.6808719096702,273.9610989943363,275.0092163085937,51931300
2026-02-12,275.0990585104662,275.22883180172755,259.71650632997444,261.2637634277344,81077200
2026-02-13,261.5432690161623,261.7628783299504,254.9949421084194,255.3243560791016,56290700
2026-02-17,257.5903108294174,265.8156532326085,255.08478749757865,263.4099426269531,58469100
2026-02-18,263.1304558468116,266.3447212846438,261.9825104325609,263.8791198730469,34203300
2026-02-19,262.1322047157328,264.00886051677537,259.5867290635135,260.11578369140625,30845300
2026-02-20,258.50868117461044,264.2783836675007,257.7001265171608,264.1086730957031,42070500
2026-02-23,263.0206001676805,268.95002088588865,262.91081074777924,265.705810546875,37308200
2026-02-24,267.38283777638213,274.4003442568012,267.233111068832,271.6552429199219,47014600
2026-02-25,271.29586819299504,274.45024283739696,270.567157599074,273.74151611328125,33714300
2026-02-26,274.4602128097023,275.61811956353745,270.3175813011377,272.4637756347656,32345100
2026-02-27,272.3240439665745,272.3240439665745,262.4217314181026,263.7094116210937,72366500
2026-03-02,261.94253069595567,266.0551862059976,259.73647625260065,264.2484130859375,41827900
2026-03-03,263.0106738027697,265.08695529305965,259.6666350681776,263.2801818847656,38568900
2026-03-04,264.17854815272653,265.67587606267574,260.9543215497597,262.0523376464844,39803100
2026-03-05,260.3254337562426,261.09405110124777,256.79173142961054,259.8263244628906,49658600
2026-03-06,258.16927189629365,258.3090066542827,253.916851068475,257.0013427734375,41120000
2026-03-09,255.2345148744848,260.68477987096253,253.2280857512349,259.41705322265625,38218500
2026-03-10,257.19102845716964,262.01244158439727,256.4922936817907,260.3653564453125,30590800
2026-03-11,260.624897946549,261.6630538494394,259.08763272962494,260.34539794921875,26218900
2026-03-12,258.1992408199258,258.4887327594216,253.7272102811576,255.3043975830078,40794000
2026-03-13,255.024890934378,255.87336762960535,249.0755164384504,249.6744384765625,36930000
2026-03-16,251.66090222791988,253.43773019062647,249.4348789230203,252.36964416503903,32074200
2026-03-17,252.5093881906664,254.67552076289968,251.7307636559193,253.7771148681641,32361600
2026-03-18,252.1799767808244,254.48585937367065,248.5564382882904,249.4947662353516,35757900
2026-03-19,248.95572868612365,251.3814079598573,246.85947863088072,248.5165252685547,34864100
2026-03-20,247.53824109812177,248.75606899357115,245.56177255944445,247.54823303222656,88331100
2026-03-23,253.51758537106093,254.1464679788293,249.83415620831627,251.04200744628903,40546100
2026-03-24,249.9040313986812,254.3760464402864,249.10545347620703,251.1917266845703,45152300
2026-03-25,253.6473574345128,254.5457480998694,251.15181088451408,252.16998291015625,28476700
2026-03-26,251.67088153367663,256.5421934269488,250.32329549316128,252.43951416015625,41796700
2026-03-27,253.4477020992108,255.03488128462607,247.6281009352486,248.35679626464844,47900000
2026-03-30,249.62453299565456,250.4230956915925,245.07264337813007,246.19065856933597,39446200
2026-03-31,247.4683905467953,255.0248978486836,246.65983587287727,253.33790588378903,49598100
2026-04-01,253.6273948962928,255.7236449097363,252.8787309132899,255.1746368408203,40059400
2026-04-02,253.7471740568136,255.6737439434535,250.20349485503917,255.464111328125,31289400
2026-04-06,256.0530752925303,261.6930045642991,256.0031460821725,258.3988647460937,29329900
2026-04-07,255.7036812801697,255.7436185540334,245.2623079794448,253.0484161376953,62148000
2026-04-08,257.9896321241455,259.28730423338584,256.07303883918246,258.4388122558594,41032800
2026-04-09,258.5386343954405,260.6548530924392,255.61386101634736,260.0259704589844,28121600
2026-04-10,259.5168819122501,261.7229364827484,258.5585701252562,260.0159912109375,31291500
2026-04-13,259.2673359057164,259.71651601158027,256.2027973984465,258.73828125,36234700
2026-04-14,258.7881922504944,261.4634109961452,256.7318642110386,258.3689270019531,48370700
2026-04-15,257.7001261657452,266.08515659729386,257.35074355126085,265.95538330078125,49913500
2026-04-16,266.3247234477873,266.68409800240715,260.80457553569033,262.9307861328125,43323100
2026-04-17,266.4844323486072,271.8149160854778,266.24486962975914,269.7486267089844,61436200
2026-04-20,269.84841238867654,273.7913879220191,269.80850557942483,272.5635681152344,36590200
2026-04-21,271.0163536236942,272.3140256362382,264.9272139873882,265.69586181640625,50209800
2026-04-22,267.3429346055621,273.2523721409737,266.39461467279705,272.68341064453125,43249200
2026-04-23,274.56001085217736,275.2787294551341,271.1660737405759,272.9429016113281,33399600
2026-04-24,272.2741016414235,272.5735550213531,269.16962610782736,270.5771179199219,38157100
2026-04-27,265.6159889280984,267.88193422863776,264.59781690250213,267.1332702636719,41466800
2026-04-28,271.8548539018017,272.7432830913257,268.181416710472,270.2277526855469,40018900
2026-04-29,267.07336249706583,270.5571659728108,266.56429174844374,269.688720703125,30047900
2026-04-30,270.018146234023,275.50834883767226,267.6623648300734,270.8666381835937,91848200
2026-05-01,278.3632420760759,286.70836594964845,277.8741246788477,279.6409912109375,79915400
2026-05-04,279.16179801165765,280.13007120517506,274.3703307853319,276.3368225097656,46668400
2026-05-05,276.43668191704,284.0630869835518,276.00745521106614,283.6737670898437,49311700
2026-05-06,281.4178249779708,287.5169265187869,280.5693330033821,286.99786376953125,58336100
2026-05-07,288.75470528792926,291.6096265406606,285.2709318587503,286.927978515625,45224300
2026-05-08,289.49338424193445,294.2349225642168,289.48339230776435,292.7974853515625,52692800
2026-05-11,291.72841688276577,293.6267735875138,289.979924827367,292.42779541015625,42247300
2026-05-12,292.3078994315659,295.0155556946294,292.3078994315659,294.54595947265625,45748100
2026-05-13,293.24708951115105,300.6607090744109,293.24708951115105,298.6124572753906,52684300
2026-05-14,299.5616620172475,300.1911240450107,295.12548538387824,297.9530334472656,35324900
2026-05-15,297.643304079477,302.93875555297063,296.26448829773227,299.9713134765625,54862800
2026-05-18,299.98126929450746,300.4009207908792,294.6558756451712,297.5833435058594,34483000
2026-05-19,296.7140952726279,300.2510533099592,296.09463441963413,298.7123718261719,42243600
2026-05-20,297.9230626302997,302.5390768782648,297.82314269813475,301.98956298828125,38229800
2026-05-21,300.80056674721834,305.27671719779084,300.1411318265125,304.7271728515625,42965100
2026-05-22,305.85620846339293,311.13165741506583,305.5764509618376,308.55389404296875,43670200
2026-05-26,309.2932516306072,311.5513139598484,307.4048960873393,308.0643005371094,48000500
2026-05-27,308.0643052358437,312.9900803339556,308.0343323058515,310.5821533203125,50430900
2026-05-28,310.412282475935,312.5304508120942,309.30325358892543,312.24072265625,48220400
2026-05-29,311.5113496628706,314.7285763294451,309.2632884033746,311.7911071777344,70026800
2026-06-01,309.363197507879,310.6720662449624,304.7571540774977,306.0460510253906,48849900
2026-06-02,307.1950545511415,315.1781903378333,306.42572903356995,314.92840576171875,44534700
2026-06-03,313.9092501546009,316.6668815001487,308.5838566628498,309.9926452636719,50836700
2026-06-04,312.96009909963743,313.26982953176514,309.3831669286496,310.9618225097656,44869100
2026-06-05,312.5903972939029,314.8984348439246,306.8853260765596,307.0751647949219,65310500
2026-06-08,308.4739595974908,317.1265012321255,300.9105055796523,301.2801818847656,77949100
2026-06-09,300.0212482417878,300.4908444635933,287.5320194610898,290.29962158203125,70108800
2026-06-10,290.4894628291428,294.4960172141002,287.1323727394638,291.3287353515625,52793300
2026-06-11,293.4668864344149,296.7440586571729,289.3404406054596,295.375244140625,42572500
2026-06-12,295.7749221682621,296.88398158337014,289.3704417369658,290.879150390625,38742100
2026-06-15,293.8665449684006,297.5233947188816,291.4486474146935,296.1645812988281,45732600
2026-06-16,294.99559499590845,300.2210994929347,293.71669913987887,298.9821472167969,39874400
2026-06-17,300.59074812548096,301.8096980081642,294.10632015937927,295.6949768066406,42745100
2026-06-18,297.8530937792582,300.31099586682666,295.3652492546472,297.7532043457031,85962200
2026-06-22,297.05381866220307,302.1594314563154,296.5043047694293,296.75408935546875,44879900
2026-06-23,297.2836155142734,301.3800886038737,293.9264950024863,294.04638671875,52010900
2026-06-24,295.1054570720635,299.4417438827621,292.68755959702736,292.8274230957031,53081900
2026-06-25,287.1523472601469,288.55113481081804,273.5141152813601,274.91290283203125,107013700
2026-06-26,274.7630284991681,285.70360492137456,273.9737007161028,283.53546142578125,261775500
2026-06-29,286.4829438934296,288.12151489662153,279.6088673150861,281.4972229003906,66427000
2026-06-30,280.9277417485351,289.69017405322865,280.45814550695326,289.11065673828125,65100200
2026-07-01,293.1871503157195,296.33442991747245,288.95081360688545,294.1263427734375,50164200
2026-07-02,293.866538367699,309.15337194761725,293.4269150966668,308.3640441894531,75352800
2026-07-06,307.0951430290638,313.9292760509671,306.7354678654279,312.3905944824219,53590000
2026-07-07,315.0183186077797,315.2081573213481,309.88273318392555,310.3923034667969,42490000
2026-07-08,311.6412289475945,314.5487250421545,306.7854009831778,313.1199645996094,41323500
2026-07-09,310.24243869469103,316.2572401947346,307.8944576262147,315.947509765625,48124500
2026-07-10,314.4488202226986,316.6369356310425,311.9010296470402,315.0483093261719,34132300
2026-07-13,316.7468014245228,323.171283634363,315.5078797345754,317.0365600585937,43257800
2026-07-14,313.48965629761443,315.91755515351207,311.64124426456783,314.58868408203125,36336800
2026-07-15,317.34631234952286,328.44675508114506,317.0465830462295,327.2178039550781,60957600
2026-07-16,327.72736328456057,334.3915986652446,326.50841333986017,332.97283935546875,62970600
2026-07-17,331.693929977533,334.7013154010385,328.7164869908464,333.452392578125,63407100
2026-07-20,333.2226134619852,333.4224228207836,323.4010672140761,326.3085632324219,53468000
2026-07-21,322.85156758462244,329.3159936819017,321.94234806189104,327.45758056640625,41338900
2026-07-22,327.58746619388995,328.7164973399543,323.0613709608057,325.60919189453125,38755900
2026-07-23,321.4527900194849,323.0214140443725,319.0748358849152,321.3828430175781,40840800
2026-07-24,321.5127284115298,334.0818750563203,321.3428614810286,332.7330322265625,47489400
2026-07-27,334.2517370375488,339.277401491225,333.73216560461384,336.61968994140625,49604300
2026-07-28,339.73698155301014,342.59453283396704,335.31080637618777,339.78692626953125,51859000
2026-07-29,339.43727163464206,344.2730974331505,337.0593175600121,337.8985900878906,56090800
2026-07-30,332.8129674612056,334.4615395264105,329.30598233808786,333.1426696777344,74817800
2026-07-31,304.5473560391476,310.4222943774597,299.7415030462749,308.6438293457031,132489100
2026-08-03,309.313234694189,311.5313230344714,302.29929450581176,303.1585693359375,75052000
2026-08-04,302.46913991298527,310.1525156602479,301.0603512911937,309.1134033203125,68001000
2026-08-05,309.09342362565195,311.4414048335362,305.406631186344,310.7320251464844,49438800
2026-08-06,314.06913775687,316.0174696892129,308.96355554648414,312.14080810546875,46139900
2026-08-07,311.1816431226555,314.53873325457766,310.47223295908327,313.0599975585937,34437200
2026-08-10,306.8299865722656,308.260009765625,304.6099853515625,308.260009765625,44812500
2026-08-11,307.75,309.9700012207031,302.7900085449219,304.9100036621094,37476700
2026-08-12,305.1000061035156,305.6600036621094,300.57000732421875,302.25,41657800
2026-08-13,304.2099914550781,306.0,302.04998779296875,305.260009765625,40349300
2026-08-14,306.0,307.489990234375,304.29998779296875,305.92999267578125,28229400
2026-08-17,306.2099914550781,307.6600036621094,302.94000244140625,305.5899963378906,38169300
2026-08-18,307.5799865722656,311.489990234375,305.739990234375,310.0299987792969,53424500
2026-08-19,310.1400146484375,319.2799987792969,309.6000061035156,316.8299865722656,50505600
2026-08-20,317.4599914550781,320.2799987792969,310.6499938964844,311.29998779296875,40959200
2026-08-21,312.04998779296875,312.3800048828125,307.010009765625,309.3500061035156,46876800
2026-08-24,311.4700012207031,313.3599853515625,309.9700012207031,310.3399963378906,34673600
2026-08-25,310.7900085449219,313.5899963378906,308.2099914550781,309.8999938964844,25869800
2026-08-26,310.29998779296875,315.42999267578125,308.79998779296875,313.45001220703125,34024500
2026-08-27,310.54998779296875,315.3999938964844,309.3999938964844,314.5799865722656,32419200
2026-08-28,316.8500061035156,322.3699951171875,315.45001220703125,319.70001220703125,38649400
2026-08-31,319.6000061035156,321.239990234375,312.79998779296875,316.8500061035156,41242700
2026-09-01,316.9800109863281,327.29998779296875,314.7300109863281,325.1300048828125,53167400
2026-09-02,326.8699951171875,328.3999938964844,323.5299987792969,324.9599914550781,33776400
2026-09-03,324.8699951171875,330.8099975585937,324.1099853515625,328.2099914550781,37225800
2026-09-04,328.3099975585937,328.92999267578125,317.8599853515625,319.9700012207031,39606900
2026-09-08,317.1000061035156,320.70001220703125,314.8999938964844,316.2200012207031,35477100
2026-09-09,315.489990234375,319.1499938964844,309.8999938964844,315.3399963378906,65640000
2026-09-10,316.6700134277344,326.739990234375,316.510009765625,326.57000732421875,70011900
2026-09-11,327.45001220703125,336.2200012207031,326.29998779296875,332.2699890136719,50716900
2026-09-14,334.7900085449219,335.5,331.3399963378906,333.0799865722656,39269100
2026-09-15,330.1400146484375,331.7799987792969,328.3500061035156,331.3399963378906,31748200
2026-09-16,332.5299987792969,335.4800109863281,330.70001220703125,332.4100036621094,35981000
2026-09-17,334.7699890136719,338.3399963378906,330.17999267578125,337.0,36700200
2026-09-18,337.9100036621094,338.489990234375,332.5299987792969,336.1300048828125,86588200
2026-09-21,335.2799987792969,339.6400146484375,333.04998779296875,338.9800109863281,34999200
2026-09-22,340.1400146484375,345.3399963378906,338.75,339.75,40711800
2026-09-23,341.0799865722656,341.79998779296875,335.5,337.0199890136719,31658800
2026-09-24,336.7200012207031,338.9100036621094,334.29998779296875,335.9200134277344,24733100
2026-09-25,336.0400085449219,341.6700134277344,334.5299987792969,341.07000732421875,30002500
2026-09-28,340.3699951171875,342.989990234375,338.0400085449219,338.3999938964844,32820800
2026-09-29,336.9700012207031,337.0899963378906,328.70001220703125,329.3999938964844,38427200
